RIGHT_FOOT_DISPLACEMENT, LEFT_FOOT_DISPLACEMENT, R_HIP_PITCH_PRESENT_VELOCITY, R_HIP_PITCH_LOAD, L_HIP_PITCH_PRESENT_VELOCITY, L_HIP_PITCH_LOAD, R_KNEE_PRESENT_VELOCITY, R_KNEE_LOAD, L_KNEE_PRESENT_VELOCITY, L_KNEE_LOAD, R_ANKLE_PITCH_PRESENT_VELOCITY, R_ANKLE_PITCH_LOAD, L_ANKLE_PITCH_PRESENT_VELOCITY, L_ANKLE_PITCH_LOAD
-0.208493, -0.208289, 0, 0.204301, -0, 0.222874, 0, 0.148583, -0, 0.167155, -0, 0.0185728, 0, 0.0185728
-0.208493, -0.208309, 0, 0.204301, -0, 0.241447, 0, 0.148583, -0, 0.167155, -0, 0.0185728, 0, 0.0185728
-0.208472, -0.208309, 0, 0.185728, -0, 0.241447, 0, 0.148583, -0, 0.167155, -0, 0.0185728, 0, 0.0185728
-0.208576, -0.208289, 0, 0.185728, -0, 0.222874, 0, 0.13001, -0, 0.167155, -0, 0.0185728, 0, 0.0185728
-0.208528, -0.208309, 0, 0.185728, -0, 0.241447, 0, 0.148583, -0, 0.167155, -0, 0.0185728, 0, 0.0185728
-0.208493, -0.208309, 0, 0.204301, -0, 0.241447, 0, 0.148583, -0, 0.167155, -0, -0.0185728, 0, -0.0185728
-0.208571, -0.208309, 0, 0.204301, -0, 0.241447, 0, 0.148583, -0, 0.167155, -0, -0.0185728, 0, -0.0185728
-0.208488, -0.208309, 0, 0.204301, -0, 0.241447, 0, 0.148583, -0, 0.167155, -0, -0, 0, -0.0185728
-0.208591, -0.208304, 0, 0.204301, -0, 0.222874, 0, 0.13001, -0, 0.185728, -0, -0, 0, 0
-0.20851, -0.208253, 0, 0.204301, -0, 0.222874, 0, 0.148583, -0, 0.185728, -0, -0, 0, -0.0185728
-0.208484, -0.208247, 0, 0.185728, -0, 0.222874, 0, 0.167155, -0, 0.185728, -0, -0, 0, 0
-0.208533, -0.208329, 0, 0.167155, -0, 0.222874, 0, 0.167155, -0, 0.167155, -0, -0, 0, 0
-0.208554, -0.208247, 0, 0.185728, -0, 0.222874, 0, 0.167155, -0, 0.185728, -0, -0, 0, 0
-0.208497, -0.208133, 0, 0.185728, -0, 0.222874, 0, 0.167155, -0, 0.204301, -0, -0, 0, 0
-0.208571, -0.208185, 0, 0.185728, -0, 0.222874, 0, 0.167155, -0, 0.204301, -0, -0, 0, 0
-0.208551, -0.208127, 0, 0.167155, -0, 0.222874, 0, 0.167155, -0, 0.204301, -0, -0, 0, 0
-0.208566, -0.208102, 0, 0.185728, -0, 0.204301, 0, 0.167155, -0, 0.204301, -0, -0, 0, 0
-0.208509, -0.208122, 0, 0.185728, -0, 0.222874, 0, 0.167155, -0, 0.204301, -0, -0, 0, 0
-0.208561, -0.208144, 0, 0.185728, -0, 0.222874, 0, 0.167155, -0, 0.222874, -0, -0, 0, 0
-0.208577, -0.208138, 0, 0.185728, -0, 0.222874, 0, 0.167155, -0, 0.222874, -0, -0, 0, 0
-0.208568, -0.208094, 0, 0.167155, -0, 0.222874, 0, 0.185728, -0, 0.222874, -0, 0.0185728, 0, 0
-0.208587, -0.208147, 0, 0.185728, -0, 0.222874, 0, 0.185728, -0, 0.241447, -0, -0, 0, 0
-0.208581, -0.208162, 0, 0.185728, -0, 0.222874, 0, 0.185728, -0, 0.241447, -0, -0, 0, 0
-0.208581, -0.208164, 0, 0.185728, -0, 0.204301, 0, 0.185728, -0, 0.241447, -0, -0, 0, 0
-0.208596, -0.208177, 0, 0.185728, -0, 0.222874, 0, 0.185728, -0, 0.241447, -0, -0, 0, 0
-0.208583, -0.208139, 0, 0.185728, -0, 0.222874, 0, 0.185728, -0, 0.241447, -0, 0.0185728, 0, 0
-0.208589, -0.208131, 0, 0.185728, -0, 0.222874, 0, 0.185728, -0, 0.241447, -0, -0, 0, 0
-0.208581, -0.208205, 0, 0.185728, -0, 0.222874, 0, 0.204301, -0, 0.241447, -0, -0, 0, 0
-0.208535, -0.208197, 0, 0.185728, -0, 0.222874, 0, 0.204301, -0, 0.241447, -0, -0, 0, 0
-0.208535, -0.208136, 0, 0.185728, -0, 0.222874, 0, 0.204301, -0, 0.241447, -0, -0, 0, 0
-0.208587, -0.208075, 0, 0.185728, -0, 0.222874, 0, 0.204301, -0, 0.241447, -0, -0, 0, 0
-0.208558, -0.208065, 0, 0.167155, -0, 0.222874, 0, 0.204301, -0, 0.241447, -0, -0, 0, 0
-0.20853, -0.20814, 0, 0.185728, -0, 0.222874, 0, 0.204301, -0, 0.241447, -0, -0, 0, 0
-0.208525, -0.20811, 0, 0.185728, -0, 0.204301, 0, 0.204301, -0, 0.241447, -0, 0.0185728, 0, 0
-0.208552, -0.20809, 0, 0.167155, -0, 0.222874, 0, 0.204301, -0, 0.241447, -0, -0, 0, 0
-0.208563, -0.20808, 0, 0.185728, -0, 0.222874, 0, 0.222874, -0, 0.241447, -0, -0, 0, 0
-0.208517, -0.208091, 0, 0.185728, -0, 0.222874, 0, 0.222874, -0, 0.241447, -0, 0.0185728, 0, 0
-0.208575, -0.208081, 0, 0.185728, -0, 0.222874, 0, 0.222874, -0, 0.241447, -0, -0, 0, 0
-0.208564, -0.208102, 0, 0.185728, -0, 0.222874, 0, 0.222874, -0, 0.241447, -0, -0, 0, 0
-0.20848, -0.208174, 0, 0.167155, -0, 0.222874, 0, 0.222874, -0, 0.222874, -0, -0, 0, 0
-0.208634, -0.208071, 0, 0.185728, -0, 0.204301, 0, 0.204301, -0, 0.241447, -0, -0, 0, 0
-0.208507, -0.208096, 0, 0.185728, -0, 0.222874, 0, 0.222874, -0, 0.241447, -0, 0.0185728, 0, 0.0185728
-0.208559, -0.208102, 0, 0.185728, -0, 0.222874, 0, 0.222874, -0, 0.241447, -0, 0.0185728, 0, 0
-0.208553, -0.208025, 0, 0.185728, -0, 0.222874, 0, 0.222874, -0, 0.241447, -0, -0, 0, 0
-0.208541, -0.208028, 0, 0.185728, -0, 0.222874, 0, 0.222874, -0, 0.241447, -0, -0, 0, 0.0185728
-0.208493, -0.208028, 0, 0.167155, -0, 0.222874, 0, 0.222874, -0, 0.241447, -0, 0.0185728, 0, 0.0185728
-0.208481, -0.208044, 0, 0.185728, -0, 0.222874, 0, 0.222874, -0, 0.241447, -0, 0.0185728, 0, 0
-0.208619, -0.207972, 0, 0.185728, -0, 0.222874, 0, 0.204301, -0, 0.241447, -0, -0, 0, 0.0185728
-0.208473, -0.207978, 0, 0.185728, -0, 0.222874, 0, 0.222874, -0, 0.241447, -0, -0, 0, 0
-0.208535, -0.207973, 0, 0.185728, -0, 0.222874, 0, 0.222874, -0, 0.241447, -0, -0, 0, 0
-0.208611, -0.207966, 0, 0.185728, -0, 0.222874, 0, 0.204301, -0, 0.241447, -0, 0.0185728, 0, 0.0185728
-0.208463, -0.208026, 0, 0.185728, -0, 0.222874, 0, 0.222874, -0, 0.241447, -0, 0.0185728, 0, 0
-0.208455, -0.207981, 0, 0.185728, -0, 0.222874, 0, 0.222874, -0, 0.241447, -0, -0, 0, 0
-0.208486, -0.207974, 0, 0.167155, -0, 0.222874, 0, 0.222874, -0, 0.241447, -0, -0, 0, 0.0185728
-0.208493, -0.20796, 0, 0.185728, -0, 0.222874, 0, 0.222874, -0, 0.241447, -0, -0, 0, 0.0185728
-0.20851, -0.207966, 0, 0.185728, -0, 0.222874, 0, 0.222874, -0, 0.241447, -0, 0.0185728, 0, 0
-0.208428, -0.207925, 0, 0.167155, -0, 0.204301, 0, 0.222874, -0, 0.241447, -0, -0, 0, 0.0185728
-0.208501, -0.207973, 0, 0.185728, -0, 0.222874, 0, 0.222874, -0, 0.241447, -0, -0, 0, 0
-0.208433, -0.207958, 0, 0.185728, -0, 0.222874, 0, 0.222874, -0, 0.241447, -0, -0, 0, 0
-0.208481, -0.207884, 0, 0.185728, -0, 0.222874, 0, 0.222874, -0, 0.241447, -0, 0.0185728, 0, 0.0185728
-0.208377, -0.20789, 0, 0.167155, -0, 0.222874, 0, 0.222874, -0, 0.241447, -0, 0.0185728, 0, 0.0185728
-0.208472, -0.20788, 0, 0.185728, -0, 0.222874, 0, 0.222874, -0, 0.241447, -0, 0.0185728, 0, 0
-0.208462, -0.207902, 0, 0.185728, -0, 0.222874, 0, 0.222874, -0, 0.241447, -0, -0, 0, 0
-0.208388, -0.207955, 0, 0.185728, -0, 0.222874, 0, 0.222874, -0, 0.241447, -0, 0.0185728, 0, 0
-0.208544, -0.207879, 0, 0.185728, -0, 0.222874, 0, 0.204301, -0, 0.241447, -0, 0.0185728, 0, 0.0185728
-0.208399, -0.207885, 0, 0.185728, -0, 0.222874, 0, 0.222874, -0, 0.241447, -0, -0, 0, 0.0185728
-0.208451, -0.207869, 0, 0.185728, -0, 0.222874, 0, 0.222874, -0, 0.241447, -0, -0, 0, 0
-0.208377, -0.207854, 0, 0.185728, -0, 0.204301, 0, 0.222874, -0, 0.241447, -0, 0.0185728, 0, 0
-0.208393, -0.20785, 0, 0.185728, -0, 0.222874, 0, 0.204301, -0, 0.241447, -0, -0, 0, 0.0185728
-0.208237, -0.207813, 0, 0.185728, -0, 0.204301, 0, 0.222874, -0, 0.241447, -0, 0.0185728, 0, 0.0185728
-0.20826, -0.207833, 0, 0.185728, -0, 0.222874, 0, 0.222874, -0, 0.241447, -0, 0.0185728, 0, 0.0185728
-0.208189, -0.207762, 0, 0.185728, -0, 0.222874, 0, 0.222874, -0, 0.241447, -0, 0.0185728, 0, 0.0185728
-0.208189, -0.207743, 0, 0.185728, -0, 0.222874, 0, 0.222874, -0, 0.241447, -0, 0.0185728, 0, 0.0185728
-0.20826, -0.207752, 0, 0.185728, -0, 0.204301, 0, 0.222874, -0, 0.241447, -0, 0.0185728, 0, 0
-0.208255, -0.207752, 0, 0.167155, -0, 0.204301, 0, 0.204301, -0, 0.241447, -0, -0, 0, 0
-0.208217, -0.207825, 0, 0.185728, -0, 0.222874, 0, 0.222874, -0, 0.241447, -0, -0, 0, 0
-0.208217, -0.2079, 0, 0.185728, -0, 0.222874, 0, 0.222874, -0, 0.241447, -0, -0, 0, 0
-0.208217, -0.207946, 0, 0.185728, -0, 0.222874, 0, 0.222874, -0, 0.241447, -0, -0, 0, 0.0185728
-0.208211, -0.207946, 0, 0.185728, -0, 0.222874, 0, 0.222874, -0, 0.241447, -0, 0.0185728, 0, 0.0185728
-0.208196, -0.207946, 0, 0.167155, -0, 0.222874, 0, 0.222874, -0, 0.241447, -0, -0, 0, 0.0185728
-0.208211, -0.207933, 0, 0.185728, -0, 0.204301, 0, 0.222874, -0, 0.241447, -0, 0.0185728, 0, 0
-0.208264, -0.207968, 0, 0.185728, -0, 0.222874, 0, 0.222874, -0, 0.241447, -0, 0.0185728, 0, 0.0185728
-0.208191, -0.207968, 0, 0.167155, -0, 0.222874, 0, 0.222874, -0, 0.241447, -0, 0.0185728, 0, 0.0185728
-0.208211, -0.207968, 0, 0.185728, -0, 0.222874, 0, 0.222874, -0, 0.241447, -0, 0.0185728, 0, 0.0185728
-0.208293, -0.207946, 0, 0.185728, -0, 0.222874, 0, 0.204301, -0, 0.241447, -0, 0.0185728, 0, 0.0185728
-0.208286, -0.207999, 0, 0.185728, -0, 0.222874, 0, 0.222874, -0, 0.241447, -0, 0.0185728, 0, 0.0185728
-0.208292, -0.208028, 0, 0.185728, -0, 0.222874, 0, 0.222874, -0, 0.241447, -0, -0, 0, 0
-0.208286, -0.208028, 0, 0.185728, -0, 0.222874, 0, 0.222874, -0, 0.241447, -0, 0.0185728, 0, 0
-0.208426, -0.208006, 0, 0.185728, -0, 0.222874, 0, 0.204301, -0, 0.241447, -0, -0, 0, 0
-0.208344, -0.207968, 0, 0.185728, -0, 0.222874, 0, 0.222874, -0, 0.241447, -0, -0, 0, 0.0185728
-0.208414, -0.207999, 0, 0.185728, -0, 0.222874, 0, 0.222874, -0, 0.241447, -0, 0.0185728, 0, 0.0185728
-0.208414, -0.207975, 0, 0.185728, -0, 0.222874, 0, 0.222874, -0, 0.241447, -0, 0.0185728, 0, 0
-0.208419, -0.208021, 0, 0.185728, -0, 0.222874, 0, 0.222874, -0, 0.241447, -0, -0, 0, 0.0185728
-0.208489, -0.207975, 0, 0.185728, -0, 0.222874, 0, 0.222874, -0, 0.241447, -0, 0.0185728, 0, 0
-0.208446, -0.208021, 0, 0.167155, -0, 0.222874, 0, 0.222874, -0, 0.241447, -0, 0.0185728, 0, 0.0185728
-0.208553, -0.208021, 0, 0.185728, -0, 0.222874, 0, 0.204301, -0, 0.241447, -0, -0, 0, 0.0185728
-0.208466, -0.207975, 0, 0.185728, -0, 0.222874, 0, 0.222874, -0, 0.241447, -0, 0.0185728, 0, 0
-0.208519, -0.208021, 0, 0.185728, -0, 0.222874, 0, 0.222874, -0, 0.241447, -0, 0.0185728, 0, 0.0185728
-0.208466, -0.208021, 0, 0.185728, -0, 0.222874, 0, 0.222874, -0, 0.241447, -0, 0.0185728, 0, 0.0185728
-0.208466, -0.208021, 0, 0.185728, -0, 0.222874, 0, 0.222874, -0, 0.241447, -0, 0.0185728, 0, 0.0185728
-0.208466, -0.208002, 0, 0.185728, -0, 0.204301, 0, 0.222874, -0, 0.241447, -0, 0.0185728, 0, 0.0185728
-0.208466, -0.208021, 0, 0.185728, -0, 0.222874, 0, 0.222874, -0, 0.241447, -0, 0.0185728, 0, 0.0185728
-0.208466, -0.208028, 0, 0.185728, -0, 0.222874, 0, 0.222874, -0, 0.241447, -0, 0.0185728, 0, 0
-0.208446, -0.208021, 0, 0.167155, -0, 0.222874, 0, 0.222874, -0, 0.241447, -0, 0.0185728, 0, 0.0185728
-0.20857, -0.208028, 0, 0.185728, -0, 0.222874, 0, 0.204301, -0, 0.241447, -0, 0.0185728, 0, 0
-0.208519, -0.207968, 0, 0.185728, -0, 0.222874, 0, 0.222874, -0, 0.241447, -0, 0.0185728, 0, 0.0185728
-0.208498, -0.208021, 0, 0.167155, -0, 0.222874, 0, 0.222874, -0, 0.241447, -0, 0.0185728, 0, 0.0185728
-0.208466, -0.208021, 0, 0.185728, -0, 0.222874, 0, 0.222874, -0, 0.241447, -0, 0.0185728, 0, 0.0185728
-0.208602, -0.208021, 0, 0.167155, -0, 0.222874, 0, 0.204301, -0, 0.241447, -0, 0.0185728, 0, 0.0185728
-0.208494, -0.208021, 0, 0.185728, -0, 0.222874, 0, 0.222874, -0, 0.241447, -0, -0, 0, 0.0185728
-0.20857, -0.208021, 0, 0.185728, -0, 0.222874, 0, 0.204301, -0, 0.241447, -0, 0.0185728, 0, 0.0185728
-0.208519, -0.208021, 0, 0.185728, -0, 0.222874, 0, 0.222874, -0, 0.241447, -0, 0.0185728, 0, 0.0185728
-0.208451, -0.208051, 0, 0.167155, -0, 0.204301, 0, 0.222874, -0, 0.222874, -0, -0, 0, 0.0185728
-0.208489, -0.208021, 0, 0.185728, -0, 0.222874, 0, 0.222874, -0, 0.241447, -0, 0.0185728, 0, 0.0185728
-0.208605, -0.208021, 0, 0.185728, -0, 0.222874, 0, 0.204301, -0, 0.241447, -0, -0, 0, 0.0185728
-0.208548, -0.207968, 0, 0.185728, -0, 0.222874, 0, 0.204301, -0, 0.241447, -0, 0.0185728, 0, 0.0185728
-0.208524, -0.208021, 0, 0.185728, -0, 0.222874, 0, 0.222874, -0, 0.241447, -0, -0, 0, 0.0185728
-0.208466, -0.208002, 0, 0.185728, -0, 0.204301, 0, 0.222874, -0, 0.241447, -0, 0.0185728, 0, 0.0185728
-0.208451, -0.207999, 0, 0.167155, -0, 0.222874, 0, 0.222874, -0, 0.241447, -0, -0, 0, 0.0185728
-0.208519, -0.207968, 0, 0.185728, -0, 0.222874, 0, 0.222874, -0, 0.241447, -0, 0.0185728, 0, 0.0185728
-0.208504, -0.208021, 0, 0.167155, -0, 0.222874, 0, 0.222874, -0, 0.241447, -0, -0, 0, 0.0185728
-0.208466, -0.208057, 0, 0.185728, -0, 0.222874, 0, 0.222874, -0, 0.222874, -0, 0.0185728, 0, 0
-0.208468, -0.207968, 0, 0.167155, -0, 0.222874, 0, 0.222874, -0, 0.241447, -0, 0.0185728, 0, 0.0185728
-0.208541, -0.208021, 0, 0.185728, -0, 0.222874, 0, 0.222874, -0, 0.241447, -0, 0.0185728, 0, 0.0185728
-0.208524, -0.208021, 0, 0.185728, -0, 0.222874, 0, 0.222874, -0, 0.241447, -0, -0, 0, 0.0185728
-0.208519, -0.208021, 0, 0.185728, -0, 0.222874, 0, 0.222874, -0, 0.241447, -0, 0.0185728, 0, 0.0185728
-0.208451, -0.208021, 0, 0.167155, -0, 0.222874, 0, 0.222874, -0, 0.241447, -0, -0, 0, 0.0185728
-0.208548, -0.207968, 0, 0.964809, -0, 1, 0, 0.964809, -0, 1, -0, -0.964809, 0, -0.964809
-0.208706, -0.208638, -0.0958713, 0.951124, -0.239678, 0.965787, -0.239678, 0.930596, -0.287614, 0.958944, 0.191743, -0.937439, 0.143807, -0.944282
-0.210358, -0.210146, -0.479356, 0.889541, -0.671099, 0.904203, -1.15046, 0.44868, -1.19839, 0.423265, 2.34885, -0.629521, 2.39678, -0.622678
-0.210432, -0.210079, -1.10252, 0.800587, -1.43807, 0.70479, -1.72568, -0.0420332, -1.72568, -0.0234604, 4.12247, 0.235582, 4.36214, 0.362659
-0.208327, -0.208561, -2.25298, 0.0312805, -2.44472, -0.107527, -0.76697, -0.0166178, -0.719035, -0.102639, 2.8282, 0.608016, 2.78027, 0.601173
-0.207982, -0.208089, -2.39678, -0.174976, -2.34885, -0.242424, -0.383485, -0.0918866, -0.33555, -0.0478983, 1.62981, 0.529814, 1.29426, 0.481916
-0.207784, -0.208072, -1.58188, -0.467253, -1.24633, -0.437928, 0, -0.13001, -0, -0.0928641, -0.671099, 0.294233, -0.814906, 0.236559
-0.208006, -0.208806, -0.719035, -0.381232, -0.287614, -0.301075, 0, -0.185728, -0, -0.148583, -1.48601, 0.0293255, -1.58188, -0.0215054
-0.208421, -0.209949, 0.239678, -0.170088, 0.671099, -0.0342131, 0, -0.222874, -0, -0.204301, -1.82155, -0.148583, -1.77362, -0.14174
-0.208338, -0.209784, 0.910777, 0.0185728, 1.10252, 0.120235, 0.239678, -0.151515, 0.479356, 0.0127077, -1.43807, -0.186706, -1.39013, -0.0498534
-0.207331, -0.210131, 0.958713, 0.136852, 0.910777, 0.185728, 1.05458, 0.280547, 0.910777, 0.222874, -0.623163, -0.0703812, -0.431421, 0.105572
-0.208501, -0.211412, 0.527292, 0.0938416, 0.479356, 0.124145, 0.958713, 0.304008, 0.527292, 0.168133, 0.0958713, 0.366569, -0.527292, 0.0361681
-0.20924, -0.211384, 0.575228, 0.0821114, 0.33555, -0.00782014, 0, 0.0928641, 0.191743, 0.083089, -0.527292, 0.277615, -0.33555, 0.323558
-0.209496, -0.211611, 0.671099, 0.225806, 0.33555, 0.0664712, 0.191743, 0.15738, 0.239678, 0.127077, -1.05458, -0.0205279, -1.10252, -0.101662
-0.209452, -0.211607, 0.527292, 0.223851, 0.527292, 0.0938416, 0.143807, 0.131965, 0.191743, 0.120235, -0.862842, 0.0811339, -1.19839, -0.0410557
-0.20933, -0.21152, 0.383485, 0.147605, 0.671099, 0.170088, 0, 0.0742913, 0.191743, 0.101662, -0.76697, 0.0205279, -0.862842, 0.00684262
-0.208636, -0.210749, 0.33555, 0.159335, 0.76697, 0.313783, 0, 0.0371457, 0.287614, 0.152493, -0.575228, 0.085044, -0.191743, 0.214076
-0.207963, -0.210127, 0.287614, 0.0782014, 0.575228, 0.249267, 0, 0.0185728, 0.33555, 0.196481, -0.479356, 0.0987292, -0.527292, 0.0918866
-0.207939, -0.209639, 0.287614, 0.115347, 0.33555, 0.252199, 0.143807, 0.0576735, 0.191743, 0.15738, -0.575228, -0.00782014, -0.671099, -0.0215054
-0.208064, -0.209218, 0.287614, 0.13392, 0.191743, 0.194526, 0.191743, 0.083089, -0, 0.111437, -0.383485, 0.0752688, -0.431421, 0.0498534
-0.208796, -0.209317, 0.33555, 0.159335, -0, 0.148583, 0.0958713, 0.0879765, -0, 0.0928641, -0.239678, 0.0400782, -0.239678, 0.0400782
-0.209457, -0.209058, 0.191743, 0.182796, -0, 0.148583, 0, 0.0742913, -0, 0.0928641, -0.239678, 0.0215054, -0.239678, 0.0215054
-0.209401, -0.209066, 0.143807, 0.16911, -0, 0.185728, 0.0958713, 0.106549, -0, -0, -0.143807, 0.0351906, -0.143807, 0.0537634
-0.209598, -0.20888, 0, 0.111437, -0, 0.408602, 0, 0.0928641, 0.0958713, -0.339198, -0.0958713, 0.0234604, -0.191743, 0.195503
-0.209941, -0.206463, -0.0958713, 0.0791789, -0.431421, 0.477028, 0, 0.0928641, 1.00665, -0.376344, -0.0958713, -0.0136852, -0.910777, 0.0371457
-0.210259, -0.203292, 0, 0.111437, -0.958713, 0.476051, 0, 0.111437, 2.25298, -0.198436, -0, 0.0185728, -1.39013, -0.0312805
-0.210476, -0.201734, 0, 0.13001, -1.15046, 0.615836, 0, 0.111437, 2.63646, -0.385142, -0, 0.0185728, -0.862842, 0.359726
-0.210827, -0.198982, 0.0958713, 0.143695, -1.24633, 0.822092, 0, 0.0928641, 2.92407, -0.5826, -0, 0.0185728, -0.719035, 0.565982
-0.210858, -0.196875, 0.0958713, 0.162268, -1.62981, 0.621701, 0, 0.111437, 3.25962, -0.333333, -0, 0.0185728, -1.05458, 0.276637
-0.21097, -0.193165, 0, 0.148583, -2.25298, 0.384164, 0, 0.111437, 4.21834, 0.026393, -0, -0, -2.25298, -0.0615836
-0.21097, -0.193165, 0, 0.148583, -2.25298, 0.384164, 0, 0.111437, 4.21834, 0.026393, -0, -0, -2.25298, -0.0615836
-0.210897, -0.191159, 0, 0.148583, -2.44472, 0.13392, 0, 0.13001, 4.1704, 0.391007, -0, -0, -1.67775, 0.0205279
-0.21097, -0.193165, 0, 0.148583, -2.25298, 0.384164, 0, 0.111437, 4.21834, 0.026393, -0, -0, -2.25298, -0.0615836
-0.210897, -0.191159, 0, 0.148583, -2.44472, 0.13392, 0, 0.13001, 4.1704, 0.391007, -0, -0, -1.67775, 0.0205279
-0.211353, -0.188407, 0, 0.148583, -1.3422, -0.0430108, 0, 0.111437, 2.30091, 0.569892, -0, 0.0185728, -0.76697, -0.1652
-0.21097, -0.193165, 0, 0.148583, -2.25298, 0.384164, 0, 0.111437, 4.21834, 0.026393, -0, -0, -2.25298, -0.0615836
-0.210897, -0.191159, 0, 0.148583, -2.44472, 0.13392, 0, 0.13001, 4.1704, 0.391007, -0, -0, -1.67775, 0.0205279
-0.211353, -0.188407, 0, 0.148583, -1.3422, -0.0430108, 0, 0.111437, 2.30091, 0.569892, -0, 0.0185728, -0.76697, -0.1652
-0.211609, -0.188316, 0, 0.148583, -0.814906, 0.0322581, 0, 0.111437, 1.48601, 0.453568, -0, 0.0185728, -0.76697, -0.1652
-0.210601, -0.187934, 0, 0.148583, -0, -0.148583, 0, 0.111437, -0, 1, -0, 0.0185728, 0, -0.278592
-0.210839, -0.190318, 0, 0.148583, 0.575228, 0.13783, 0, 0.0928641, -1.05458, 0.443793, -0, 0.0557185, 0.479356, -0.0244379
-0.21089, -0.19207, 0, 0.148583, 0.910777, 0.315738, 0, 0.0928641, -1.91743, 0.00488759, -0, 0.0557185, 0.623163, 0.0518084
-0.209451, -0.193939, 0, 0.13001, 0.383485, 0.259042, 0, 0, -1.24633, -0.103617, -0.0958713, 0.227761, 0.239678, 0.0342131
-0.209199, -0.194079, 0, 0.13001, -0, 0.185728, 0, -0.222874, -0.671099, -0.0215054, -0.191743, 0.232649, 0, -0.0185728
-0.207887, -0.193897, 0, 0.687195, -0.0958713, -1, 0.431421, -0.699902, -0, 1, -0.862842, 0.00684262, -0.239678, -0.999022
-0.206494, -0.195181, -0.287614, 0.923754, 0.287614, -0.958944, 1.00665, -0.821114, -0.479356, 0.931574, -1.19839, 0.293255, 0.527292, -0.889541
-0.202851, -0.198949, -1.00665, 0.821114, 2.06123, -0.467253, 2.6844, -0.581623, -2.06123, 0.705767, -1.24633, 0.360704, 2.54059, 0.0840665
-0.199345, -0.201677, -1.72568, 0.718475, 3.16375, 0.117302, 4.1704, -0.259042, -3.30756, 0.527859, -1.3422, 0.124145, 3.25962, 0.446725
-0.194397, -0.206827, -2.87614, 0.499511, 4.21834, 0.936461, 5.56053, 0.106549, -4.64976, 0.227761, -1.43807, 0.147605, 2.34885, 0.446725
-0.192437, -0.208804, -3.01995, 0.237537, 3.64311, 1, 5.32086, 0.42522, -4.45801, -0.0606061, -1.53394, 0.00391007, 1.15046, 0.294233
-0.189758, -0.21089, -2.54059, 0.213099, 2.06123, 0.925709, 3.83485, 0.361681, -3.11582, -0.147605, -1.05458, -0.00195503, 0, 0.0742913
-0.189659, -0.21122, -2.0133, 0.0654936, 0.239678, 0.498534, 2.39678, 0.379277, -1.48601, 0.0107527, -0.910777, -0.13001, -0.239678, 0.00293255
-0.189072, -0.211396, -1.3422, -0.0615836, -0.862842, 0.136852, 1.10252, 0.454545, -0.479356, 0.0987292, -0.479356, -0.198436, -0.287614, -0.0410557
-0.189381, -0.211311, -0.287614, 0.0518084, -0.671099, 0.0527859, 0.143807, 0.261975, -0.143807, 0.128055, 0.191743, 0.00879765, -0.33555, -0.085044
-0.189918, -0.211332, 0.575228, -0.0664712, -0, 0.185728, -0.33555, 0.916911, -0, 0.148583, 0.143807, -0.518084, 0, 0.0185728
-0.191117, -0.211218, 0.910777, 0.148583, 0.143807, 0.206256, -0.862842, 0.841642, -0, 0.148583, 0.287614, -0.386119, 0.431421, 0.210166
-0.19377, -0.210509, 1.15046, -0.57869, 0.143807, 0.224829, -2.30091, 0.636364, -0, 0.148583, 1.58188, -0.628543, 0, 0.0928641
-0.195316, -0.210307, 1.00665, -0.692082, -0, 0.185728, -2.54059, 0.602151, -0, 0.13001, 1.86949, -0.494624, -0.383485, 0.000977517
-0.197619, -0.210167, 1.19839, -0.460411, -0, 0.167155, -2.8282, 0.561095, -0.0958713, 0.116325, 1.86949, -0.178886, -0.383485, -0.0733138
-0.201873, -0.210039, 2.30091, 0.105572, -0, 0.167155, -4.12247, 0.376344, -0, 0.13001, 2.73233, 0.334311, -0.527292, -0.14956
-0.205243, -0.209813, 2.87614, 0.540567, -0, 0.167155, -4.74563, 0.00977517, 0.0958713, 0.143695, 1.96536, 0.224829, -0.191743, -0.00879765
-0.209434, -0.208591, 1.00665, 0.459433, -0, 0.185728, -2.54059, -0.325513, -0, 0.13001, 0.143807, 0.0948192, 0.239678, 0.108504
-0.20953, -0.207761, 0, 0.222874, -0, 0.13001, -0.0958713, 0.0420332, -0, 0.148583, 0.143807, 0.131965, -0.431421, -0.0244379
-0.209397, -0.208048, -0.191743, 0.176931, -0, 0.13001, 0, 0.0371457, -0, 0.148583, -0.287614, -0.0224829, -0.191743, 0.028348
-0.207986, -0.208892, 0, 0.13001, 0.239678, 0.795699, 0.0958713, 0.125122, -0, -0.85435, -0.287614, 0.0332356, 0, 0.520039
-0.20845, -0.208352, 0, 0.13001, 0.0958713, 0.738025, 0.191743, 0.15738, 0.383485, -0.669599, 0.143807, 0.16911, -0.431421, 0.309873
-0.209326, -0.204797, 0, 0.111437, -0.623163, 0.911046, 0.191743, 0.15738, 1.82155, -0.73998, 0.191743, 0.138807, -1.43807, 0.221896
-0.209784, -0.20188, 0.0958713, 0.162268, -1.43807, 0.649071, 0.0958713, 0.143695, 2.97201, -0.355816, -0.0958713, 0.0420332, -1.58188, 0.127077
-0.211272, -0.197402, 0.191743, 0.194526, -2.25298, 0.678397, 0, 0.111437, 4.21834, -0.345064, -0.33555, 0.00782014, -1.43807, 0.259042
-0.211779, -0.1943, 0.191743, 0.194526, -2.58853, 0.55914, 0, 0.111437, 4.55389, -0.0371457, -0.33555, -0.0478983, -1.3422, 0.16129
-0.211774, -0.191105, 0, 0.13001, -2.63646, 0.217986, 0, 0.0928641, 4.31421, 0.44868, -0.143807, 0.0606061, -1.48601, -0.0635386
-0.21156, -0.189395, 0, 0.111437, -2.0133, -0.0273705, 0, 0.0928641, 2.6844, 0.568915, -0, 0.0928641, -0.862842, -0.197458
-0.211667, -0.189205, 0, 0.111437, -0.527292, 0.221896, 0, 0.0928641, 0.383485, 0.333333, -0.191743, 0.00977517, -0.143807, -0.206256
-0.211491, -0.188863, 0, 0.0928641, -0.0958713, 0.116325, 0, 0.0557185, -0.239678, 0.188661, -0.0958713, 0.0420332, 0.671099, -0.0342131
-0.210818, -0.188648, 0, 0.0742913, 0.143807, -0.592375, 0, 0.0557185, -0.191743, 0.97263, -0.0958713, 0.0606061, 0.910777, -0.761486
-0.210556, -0.189129, 0, 0.0742913, 0.527292, -0.407625, 0, 0.0557185, -0.575228, 0.917889, -0.143807, 0.0351906, 1.29426, -0.391007
-0.210522, -0.19283, 0.143807, 0.0762463, 1.82155, -0.371457, 0.0958713, 0.0879765, -2.54059, 0.637341, -0.191743, 0.0469208, 2.73233, -0.204301
-0.21064, -0.198084, 0.239678, 0.14565, 2.73233, 0.241447, 0.0958713, 0.0694037, -4.12247, 0.411535, -0.191743, 0.00977517, 2.49265, 0.225806
-0.210686, -0.20086, 0.191743, 0.15738, 2.6844, 0.513196, 0, 0.0557185, -4.21834, 0.397849, -0.191743, -0.00879765, 1.86949, 0.248289
-0.21062, -0.204991, 0.143807, 0.131965, 2.1571, 0.642229, 0, 0.0742913, -4.21834, 0.215054, -0.0958713, 0.0420332, 1.48601, 0.249267
-0.210409, -0.207894, 0, 0.0742913, 1.24633, 0.549365, 0, 0.0742913, -3.78692, -0.206256, -0, 0.111437, 0.431421, 0.0987292
-0.210213, -0.209026, 0.0958713, 0.106549, 0.671099, 0.44868, 0, 0.0742913, -3.25962, -0.316716, -0.0958713, 0.0606061, 0, -0.0371457
-0.209601, -0.210049, 0.143807, 0.131965, -0.191743, 0.195503, 0, 0.0557185, -1.91743, -0.292278, -0.191743, 0.028348, -0.383485, -0.0918866
-0.209386, -0.210227, 0.191743, 0.138807, -0.479356, 0.0801564, 0, 0.0557185, -1.00665, -0.217986, -0.287614, -0.00391007, -0.287614, -0.0224829
-0.20913, -0.210266, 0.191743, 0.15738, -0.431421, 0.0684262, 0, 0.0742913, -0.575228, -0.174976, -0.191743, 0.00977517, -0.0958713, 0.00488759
-0.208929, -0.209659, 0.191743, 0.473118, -0.191743, 0.0654936, 0.0958713, -0.432063, -0, -0.0371457, -0.143807, 0.239492, 0, 0.0185728
-0.206204, -0.208859, -0.143807, 0.648094, 0.191743, 0.15738, 1.3422, -0.328446, 0.623163, 0.237537, -0.814906, 0.0879765, 0.287614, 0.226784
-0.202788, -0.209351, -0.862842, 0.841642, 0.33555, 0.233627, 2.73233, -0.57478, 0.479356, 0.254154, -1.3422, 0.217009, 0.143807, 0.131965
-0.199159, -0.209957, -1.82155, 0.668622, 0.383485, 0.277615, 3.4993, -0.336266, 0.0958713, 0.199413, -1.29426, 0.223851, -0.287614, 0.0146628
-0.194569, -0.210485, -2.39678, 0.0478983, 0.0958713, 0.217986, 3.78692, 0.596285, -0.0958713, 0.15347, -1.24633, 0.26784, -0.287614, -0.00391007
-0.195417, -0.210759, -1.15046, 0.690127, -0, 0.204301, 1.29426, -0.613881, -0, 0.167155, -1.00665, -0.0508309, -0.0958713, 0.00488759
-0.192418, -0.2114, -0.862842, 0.396872, -0, 0.167155, 1.19839, -0.1261, -0, 0.167155, -0.910777, -0.390029, 0, 0.0928641
-0.19022, -0.21156, -1.43807, 0.0733138, -0, 0.167155, 2.20504, 0.389052, -0, 0.148583, -0.431421, -0.265885, 0, 0.0742913
-0.188552, -0.211676, -1.91743, -0.422287, -0, 0.13001, 2.44472, 1, -0.0958713, 0.0977517, 1.05458, -0.0723363, -0.191743, 0.028348
-0.191562, -0.211372, 0.191743, -0.0469208, -0, 0.111437, -0.958713, 0.73607, -0, 0.13001, 1.43807, 0.0195503, -0.383485, -0.0733138
-0.194188, -0.210657, 1.48601, -0.103617, -0, 0.111437, -2.6844, 0.581623, 0.0958713, 0.143695, 1.15046, -0.337243, 0, 0.0928641
-0.198194, -0.210201, 1.43807, 0.000977517, 0.143807, 0.150538, -3.30756, 0.492669, -0, 0.13001, 1.48601, -0.0664712, 0, 0.0557185
-0.202031, -0.210061, 1.39013, -0.117302, -0, 0.111437, -3.4993, 0.465298, -0, 0.13001, 1.48601, -0.196481, -0.191743, 0.00977517
-0.203825, -0.210106, 1.19839, -0.144673, -0, 0.148583, -3.01995, 0.423265, -0, 0.111437, 0.814906, -0.31085, -0.143807, 0.0166178
-0.207, -0.210009, 1.3422, 0.0615836, 0.0958713, 0.143695, -3.11582, -0.110459, -0, 0.0928641, 1.53394, 0.218964, -0.0958713, 0.0606061
-0.208294, -0.209788, 1.39013, 0.235582, 0.0958713, 0.162268, -2.97201, -0.368524, -0, 0.111437, 1.24633, 0.177908, -0.0958713, 0.0606061
-0.209486, -0.2093, 1.24633, 0.307918, 0.143807, 0.16911, -2.20504, -0.351906, -0, 0.111437, 0.76697, 0.0909091, -0.0958713, 0.0606061
-0.209985, -0.209098, 0.910777, 0.297165, 0.0958713, 0.162268, -1.00665, -0.162268, -0, 0.111437, 0.0958713, 0.0508309, -0.191743, 0.00977517
-0.209771, -0.208472, 0.287614, 0.171065, -0, 0.148583, 0.0958713, 0.0694037, -0, 0.111437, 0.287614, 0.189638, -0.191743, 0.028348
-0.209489, -0.208435, 0.143807, 0.16911, -0, 0.167155, 0.431421, 0.173021, -0, 0.111437, 0.239678, 0.14565, -0.143807, 0.0351906
-0.20905, -0.20866, 0.143807, 0.16911, -0, 0.390029, 0.33555, 0.177908, -0, -0.408602, -0.0958713, 0.0606061, -0.0958713, 0.28348
-0.20926, -0.206799, 0.0958713, 0.143695, -0.383485, 0.502444, 0.0958713, 0.180841, 0.910777, -0.408602, -0.239678, 0.0215054, -1.00665, -0.0136852
-0.209728, -0.203223, 0, 0.111437, -0.958713, 0.828934, 0, 0.148583, 2.30091, -0.671554, -0.143807, 0.0537634, -1.3422, 0.235582
-0.210827, -0.197605, 0.0958713, 0.143695, -1.77362, 0.746823, -0.0958713, 0.0977517, 3.69104, -0.438905, -0.143807, 0.0166178, -0.910777, 0.371457
-0.210985, -0.194894, 0.0958713, 0.125122, -2.1571, 0.692082, 0, 0.13001, 4.1704, -0.184751, -0.287614, -0.0596285, -1.43807, 0.166178
-0.211384, -0.190643, 0, 0.13001, -2.44472, 0.115347, 0, 0.111437, 3.88279, 0.572825, -0, 0.0742913, -1.3422, -0.0615836
-0.211596, -0.189468, 0, 0.0928641, -2.10917, 0.144673, 0, 0.13001, 2.97201, 0.554252, 0.0958713, 0.106549, -0.76697, -0.109482
-0.211681, -0.188951, 0.143807, 0.131965, -1.29426, 0.112414, 0.0958713, 0.125122, 1.43807, 0.539589, -0.0958713, 0.0606061, 0, -0.13001
-0.211834, -0.188759, 0.143807, 0.131965, -0.76697, 0.0205279, 0, 0.0928641, 0.383485, 0.593353, -0.191743, 0.0469208, 0, -0.241447
-0.211792, -0.189542, 0.191743, 0.138807, -0.33555, -0.0478983, 0, 0.0928641, -0.431421, 0.699902, -0.239678, 0.0215054, 0.479356, -0.228739
-0.211178, -0.192065, 0, 0.0742913, 0.431421, -0.2913, 0, 0.0742913, -1.58188, 0.774194, -0.143807, 0.0351906, 1.05458, -0.388074
-0.210936, -0.193465, 0, 0.0928641, 0.76697, -0.0948192, 0, 0.0742913, -2.0133, 0.71261, -0.143807, 0.0166178, 1.10252, -0.269795
-0.210623, -0.196026, 0, 0.0742913, 1.15046, -0.0400782, 0, 0.0928641, -2.8282, 0.487781, -0.143807, 0.0166178, 1.58188, -0.0342131
-0.210542, -0.197679, 0.0958713, 0.106549, 1.43807, -0.0918866, 0, 0.0928641, -3.21169, 0.525904, -0.0958713, 0.0420332, 1.67775, -0.113392
-0.210605, -0.200251, 0.143807, 0.131965, 1.53394, -0.245357, 0, 0.0928641, -3.40343, 0.514174, -0.0958713, 0.0606061, 1.67775, -0.261975
-0.210649, -0.205521, 0, 0.0928641, 1.77362, 0.0860215, 0, 0.0557185, -3.64311, 0.0371457, -0.191743, 0.028348, 1.53394, 0.0332356
-0.21029, -0.207488, 0.143807, 0.150538, 1.72568, 0.264907, 0, 0.0557185, -3.3555, -0.274682, -0.191743, 0.028348, 1.48601, 0.193548
-0.209407, -0.20967, 0.239678, 0.182796, 0.910777, 0.315738, 0.0958713, 0.0879765, -1.29426, -0.184751, -0.143807, 0.0166178, 0.431421, 0.0987292
-0.208846, -0.209367, 0, 0.111437, 0.191743, 0.231672, 0, 0.0742913, 0.287614, 0.152493, -0, 0.0742913, -0.143807, 0.0537634
-0.208836, -0.208777, 0, 0.167155, 0.0958713, 0.180841, 0, -0.0371457, 0.431421, 0.210166, -0, 0.13001, 0.143807, 0.16911
-0.208287, -0.207937, 0, 0.390029, 0.143807, 0.224829, 0.191743, -0.344086, 0.239678, 0.238514, -0.287614, 0.181818, -0.191743, 0.028348
-0.20569, -0.209017, -0.239678, 0.930596, -0, 0.167155, 1.15046, -0.800587, -0, 0.204301, -0.862842, 0.471163, -0.239678, 0.0400782
-0.20064, -0.210021, -1.39013, 0.56305, -0, 0.167155, 3.3555, -0.485826, -0, 0.167155, -1.48601, 0.0107527, -0.191743, 0.00977517
-0.196217, -0.210384, -2.25298, 0.643206, -0, 0.167155, 4.79356, -0.280547, -0, 0.167155, -1.29426, 0.316716, -0.191743, -0.00879765
-0.19119, -0.211049, -2.58853, 0.224829, -0, 0.13001, 4.55389, 0.612903, -0, 0.167155, -1.3422, -0.0430108, 0, 0.0557185
-0.189457, -0.211509, -1.48601, 0.270772, -0, 0.148583, 2.0133, 0.473118, -0, 0.167155, -0.671099, -0.058651, 0, 0.0557185
-0.189443, -0.211513, -0.814906, 0.236559, 0.143807, 0.16911, 0.623163, 0.386119, -0, 0.148583, -0.33555, -0.177908, -0.0958713, 0.0606061
-0.189395, -0.211579, -0.719035, -0.121212, -0, 0.0928641, 0, 0.872923, -0, 0.111437, -0, -0.445748, -0.191743, 0.0469208
-0.190544, -0.211492, -0.527292, -0.298143, -0, 0.0928641, -0.76697, 0.855327, -0, 0.111437, 0.575228, -0.382209, -0.239678, 0.0215054
-0.192472, -0.211278, 0, -0.352884, -0, 0.111437, -1.77362, 0.711632, -0, 0.13001, 1.29426, -0.27957, -0.287614, -0.00391007
-0.194732, -0.210921, 1.00665, -0.227761, 0.143807, 0.150538, -3.01995, 0.533724, -0, 0.13001, 1.82155, -0.204301, -0.191743, 0.028348
-0.197437, -0.210523, 1.62981, 0.139785, 0.191743, 0.175953, -3.83485, 0.00977517, -0, 0.13001, 2.06123, 0.14565, 0, 0.0557185
-0.200325, -0.210024, 1.39013, 0.402737, -0, 0.13001, -2.87614, -0.466276, -0, 0.111437, 0.814906, -0.255132, -0.0958713, 0.0420332
-0.200082, -0.209734, 0.0958713, -0.636364, -0, 0.148583, -0.239678, 0.930596, -0, 0.111437, 1.3422, -0.0127077, 0, 0.0557185
-0.20424, -0.210095, 1.19839, 0.0224829, 0.191743, 0.194526, -1.48601, 0.679374, -0, 0.0928641, 1.62981, 0.325513, 0, 0.0742913
-0.206865, -0.209987, 2.30091, 0.458456, 0.191743, 0.194526, -2.97201, 0.0215054, 0.143807, 0.150538, 0.33555, 0.0664712, -0.0958713, 0.0791789
-0.208908, -0.209513, 2.58853, 0.666667, 0.0958713, 0.162268, -3.16375, -0.247312, 0.143807, 0.150538, -0.431421, -0.0430108, -0.143807, 0.0537634
-0.209627, -0.209043, 1.53394, 0.571847, -0, 0.111437, -2.06123, -0.14565, -0, 0.111437, -0.0958713, 0.116325, -0.191743, 0.028348
-0.209421, -0.208822, 0.527292, 0.372434, -0, 0.167155, -0.719035, 0.0645161, -0, -0.0185728, -0, 0.0928641, -0.239678, 0.058651
-0.209629, -0.208598, -0.143807, 0.1652, -0, 0.482893, -0.143807, 0.109482, -0, -0.501466, -0.143807, -0.00195503, -0.239678, 0.262952
-0.209355, -0.208065, -0.33555, 0.119257, -0, 0.445748, 0, 0.13001, 0.287614, -0.348974, -0.575228, -0.156403, -0.383485, 0.14956
-0.209825, -0.206009, -0.191743, 0.121212, -0.239678, 0.857283, -0.0958713, 0.0977517, 1.3422, -0.718475, -0.287614, -0.0410557, -1.05458, 0.146628
-0.21007, -0.200882, 0, 0.13001, -1.10252, 0.734115, 0.0958713, 0.162268, 2.8282, -0.28348, 0.431421, 0.191593, -0.814906, 0.292278
-0.210592, -0.198313, 0.0958713, 0.180841, -1.67775, 0.707722, 0, 0.13001, 3.3555, -0.26393, -0, 0.0557185, -0.958713, 0.234604
-0.21069, -0.19567, 0.0958713, 0.162268, -2.06123, 0.705767, 0, 0.13001, 3.83485, -0.344086, -0.287614, 0.0146628, -1.3422, 0.254154
-0.210702, -0.19247, 0, 0.148583, -2.54059, 0.268817, 0, 0.13001, 3.97866, 0.326491, -0.239678, 0.00293255, -1.67775, -0.0351906
-0.21106, -0.190302, 0, 0.111437, -2.20504, -0.129032, 0, 0.111437, 2.8282, 0.70088, -0.143807, 0.0537634, -1.05458, -0.16911
-0.211665, -0.190385, 0, 0.0928641, -0.431421, 0.347019, 0, 0.111437, 0.143807, 0.0576735, -0.0958713, 0.0420332, -0.143807, -0.131965
-0.211672, -0.190343, 0, 0.0742913, -0.0958713, 0.134897, 0, 0.111437, -0.191743, 0.622678, -0.143807, 0.0537634, 0, -0.482893
-0.211777, -0.190799, 0.143807, 0.113392, -0, -0.0557185, 0, 0.0928641, -0.383485, 0.945259, -0.191743, 0.028348, 0.479356, -0.470186
-0.211336, -0.194801, 0.0958713, 0.0879765, 0.814906, 0.0977517, 0, 0.0928641, -2.30091, 0.414467, -0.191743, 0.028348, 2.20504, 0.184751
-0.210847, -0.197913, 0.0958713, 0.106549, 0.958713, -0.253177, 0, 0.0928641, -2.8282, 0.596285, -0, 0.0557185, 0.862842, -0.378299
-0.210723, -0.201995, 0.143807, 0.131965, 1.19839, -0.200391, 0, 0.0742913, -2.8282, 0.580645, -0.0958713, 0.0234604, 1.10252, -0.251222
-0.210636, -0.204466, 0.239678, 0.201369, 1.77362, -0.0439883, 0, 0.0742913, -3.59517, 0.248289, -0.143807, 0.0351906, 2.0133, 0.083089
-0.210226, -0.206821, 0.191743, 0.175953, 2.06123, 0.294233, 0.143807, 0.113392, -3.83485, -0.268817, -0.0958713, 0.0606061, 2.34885, 0.446725
-0.209311, -0.209453, 0, 0.111437, 1.24633, 0.382209, 0, 0.0742913, -1.77362, -0.27175, -0.143807, 0.0351906, 0.143807, 0.00195503
-0.208616, -0.209747, 0, 0.111437, 0.76697, 0.332356, 0, 0.0742913, -0.719035, -0.0840665, -0.239678, -0.0156403, -0.287614, -0.00391007
-0.207958, -0.209418, 0, 0.0928641, 0.191743, 0.231672, 0, 0.0742913, 0.191743, 0.120235, -0.191743, 0.00977517, 0.287614, 0.171065
-0.207984, -0.20885, 0, 0.111437, 0.0958713, 0.236559, 0, 0.0928641, 0.479356, 0.235582, -0, 0.0557185, 0.143807, 0.0762463
-0.208127, -0.207994, 0.0958713, 0.180841, -0, 0.204301, 0, -0.0185728, 0.383485, 0.221896, -0, 0.111437, -0.0958713, 0.0606061
-0.208414, -0.207819, 0.0958713, 0.719453, -0, 0.148583, 0, -0.964809, 0.239678, 0.219941, -0.143807, 0.462366, -0.33555, 0.00782014
-0.207758, -0.208274, -0.0958713, 0.636364, -0, 0.148583, 0.479356, -0.730205, 0.0958713, 0.199413, -0.575228, 0.233627, -0.191743, 0.028348
-0.20449, -0.209033, -0.623163, 0.875855, -0, 0.148583, 2.1571, -0.656892, -0, 0.185728, -1.48601, 0.215054, -0.191743, 0.028348
-0.200607, -0.209833, -1.58188, 0.572825, 0.0958713, 0.162268, 3.83485, -0.102639, -0, 0.148583, -1.48601, 0.159335, -0.143807, 0.0351906
-0.196966, -0.210991, -2.25298, 0.086999, 0.143807, 0.187683, 4.64976, 0.719453, -0.0958713, 0.116325, -1.15046, -0.0156403, -0.143807, 0.0166178
-0.196822, -0.211366, -1.29426, 0.353861, 0.143807, 0.206256, 2.25298, 0.618768, -0, 0.167155, -0.814906, 0.180841, -0.0958713, 0.0420332
-0.197183, -0.21144, -0.76697, 0.855327, 0.143807, 0.224829, 0.958713, 0.415445, -0, 0.167155, -0.623163, 0.319648, 0, 0.0742913
-0.197029, -0.211533, -0.814906, 0.848485, -0, 0.148583, 0, -0.964809, -0, 0.148583, -0.862842, -0.0117302, -0.0958713, 0.0420332
-0.192825, -0.211751, -2.20504, -0.110459, -0, 0.111437, 1.62981, 0.0840665, -0, 0.111437, -1.15046, -0.591398, -0.143807, 0.0537634
-0.189707, -0.211632, -2.6844, -0.531769, -0, 0.111437, 2.58853, 0.610948, -0, 0.111437, -0.431421, -0.340176, -0.191743, 0.028348
-0.189146, -0.211297, -2.06123, -0.702835, 0.191743, 0.175953, 2.39678, 1, -0, 0.111437, 1.15046, 0.0156403, -0.239678, -0.0156403
-0.190463, -0.210524, -0.239678, -0.721408, 0.287614, 0.226784, 0, 0.964809, 0.143807, 0.16911, 1.19839, -0.423265, 0, 0.0742913
-0.195544, -0.210133, 2.34885, 0.446725, 0.191743, 0.194526, -3.21169, -0.105572, 0.143807, 0.187683, 1.43807, -0.0361681, 0, 0.0742913
-0.197028, -0.209944, 1.62981, -0.380254, -0.0958713, 0.116325, -1.77362, 0.711632, -0.0958713, 0.0977517, 1.91743, -0.190616, -0.143807, 0.0351906
-0.200858, -0.210386, 1.43807, 0.000977517, 0.0958713, 0.199413, -1.86949, 0.697947, -0, 0.111437, 2.0133, 0.231672, -0.479356, -0.142717
-0.203722, -0.210479, 2.06123, 0.294233, 0.191743, 0.213099, -3.06788, 0.526882, 0.0958713, 0.143695, 1.10252, 0.0645161, -0.191743, 0.00977517
-0.209312, -0.209457, 1.53394, 0.553275, 0.191743, 0.231672, -3.25962, -0.260997, -0, 0.111437, 0.191743, 0.0645161, 0.287614, 0.13392
-0.20964, -0.209145, 0.814906, 0.432063, -0, 0.148583, -2.10917, -0.171065, -0, 0.111437, 0.0958713, -0.0234604, -0.239678, 0.0215054
-0.209582, -0.208872, -0.431421, 0.0684262, -0, 0.204301, -0.383485, -0.0361681, -0, -0.0185728, 0.0958713, 0.106549, -0.527292, -0.0752688
-0.20852, -0.208194, -0.191743, 0.0469208, 0.143807, 0.707722, 0.143807, 0.131965, 0.239678, -0.7087, -0.527292, -0.112414, 0.287614, 0.561095
-0.20974, -0.203572, 0.143807, 0.113392, -0.527292, 0.389052, 0, 0.111437, 1.91743, -0.726295, 0.287614, 0.152493, -1.10252, -0.175953
-0.210715, -0.198829, 0.33555, 0.233627, -1.15046, 0.835777, 0, 0.13001, 3.21169, -0.284457, -0.191743, 0.028348, -0.814906, 0.44086
-0.21097, -0.19537, 0.191743, 0.175953, -1.62981, 0.767351, 0, 0.111437, 4.07453, -0.254154, -0.33555, -0.0107527, -0.33555, 0.750733
-0.211174, -0.191026, 0, 0.111437, -2.54059, 0.54741, 0, 0.111437, 4.41008, 0.55523, -0, 0.0928641, -1.91743, -0.106549
-0.211817, -0.188606, 0, 0.0742913, -2.1571, 0.0635386, 0, 0.0928641, 1.86949, 0.675464, -0.143807, 0.0351906, -1.00665, -0.292278
-0.211938, -0.189018, 0.143807, 0.131965, -1.29426, -0.296188, 0, 0.0928641, -0.239678, 0.83871, -0.143807, 0.0537634, 0.239678, -0.374389
-0.211754, -0.19088, 0.143807, 0.131965, -0.33555, -0.085044, 0, 0.0928641, -1.29426, 0.353861, -0.143807, 0.0166178, 0.575228, -0.215054
-0.210853, -0.192856, 0.0958713, 0.143695, 0.623163, -0.208211, 0, 0.0928641, -1.96536, -0.206256, -0.0958713, 0.0606061, 1.19839, 0.226784
-0.210533, -0.192816, 0, 0.0928641, 1.00665, -0.394917, 0, 0.0928641, -0.671099, 0.904203, -0.0958713, 0.0420332, -0.0958713, -0.978495
-0.210577, -0.194216, 0, 0.111437, 1.67775, -0.410557, 0, 0.0742913, -0.958713, 0.863148, -0.239678, 0.0215054, 0.479356, -0.896383
-0.210569, -0.196382, 0.0958713, 0.143695, 2.49265, 0.0957967, 0, 0.0928641, -1.86949, 0.733138, -0.191743, 0.00977517, 1.72568, -0.366569
-0.210416, -0.199827, 0, 0.13001, 2.97201, 0.461388, 0, 0.0742913, -3.45137, 0.507331, -0.143807, 0.0166178, 3.78692, 0.447703
-0.21004, -0.202396, 0, 0.111437, 2.92407, 0.677419, 0, 0.0742913, -3.73898, 0.466276, -0.0958713, -0.00195503, 3.54724, 0.562072
-0.20973, -0.206191, 0, 0.0928641, 1.91743, 0.719453, 0, 0.0742913, -3.45137, 0.250244, -0.0958713, 0.0420332, 1.29426, 0.296188
-0.209181, -0.208958, 0, 0.0742913, 0.623163, 0.478983, 0, 0.0557185, -3.06788, -0.196481, -0, 0.0928641, 0, 0.0928641
-0.208792, -0.210045, 0.143807, 0.131965, -0.33555, 0.193548, 0.0958713, 0.0694037, -1.86949, -0.304008, -0.143807, 0.0537634, -0.671099, -0.151515
-0.208652, -0.209145, 0.239678, 0.461388, -0.479356, 0.0244379, 0.0958713, -0.41349, -0.33555, -0.103617, -0.191743, 0.214076, -0.239678, -0.0342131
-0.20601, -0.20911, 0, 0.687195, 0.0958713, 0.143695, 1.39013, -0.210166, 0.527292, 0.186706, -0.671099, 0.14565, 0.287614, 0.152493
-0.204431, -0.209375, -0.287614, 0.869013, 0.239678, 0.201369, 1.91743, -0.450635, 0.527292, 0.242424, -0.76697, 0.280547, 0.287614, 0.171065
-0.201444, -0.210218, -1.00665, 0.821114, 0.431421, 0.30303, 2.44472, -0.615836, 0.239678, 0.219941, -1.00665, 0.41349, 0, 0.0928641
-0.196811, -0.21071, -2.1571, 0.656892, 0.191743, 0.250244, 3.73898, -0.227761, -0, 0.148583, -1.91743, -0.0694037, -0.383485, -0.0175953
-0.192594, -0.210893, -3.06788, 0.193548, -0.0958713, 0.15347, 4.12247, 0.179863, -0, 0.148583, -1.29426, 0.0195503, -0.143807, 0.0351906
-0.190164, -0.211452, -2.73233, -0.0185728, -0, 0.185728, 3.40343, 0.504399, -0, 0.148583, -0.814906, -0.0977517, -0.0958713, 0.0420332
-0.188567, -0.21171, -1.24633, -0.177908, -0, 0.167155, 1.3422, 0.823069, -0, 0.13001, -0.33555, -0.326491, 0, 0.0742913
-0.189434, -0.211626, -0.479356, -0.254154, -0, 0.111437, 0, 0.964809, -0, 0.111437, 0.191743, -0.492669, -0.0958713, 0.0606061
-0.190792, -0.211616, 0.0958713, -0.0791789, -0, 0.111437, -1.00665, 0.580645, -0, 0.0928641, 0.719035, -0.175953, -0.191743, 0.028348
-0.193076, -0.211088, 0.862842, -0.173998, -0, 0.0928641, -2.20504, 0.650049, -0, 0.111437, 1.3422, -0.254154, -0.287614, -0.0224829
-0.194833, -0.210748, 1.15046, -0.0772239, -0, 0.0928641, -2.78027, 0.27175, -0, 0.111437, 1.53394, -0.0782014, -0.143807, 0.0351906
-0.19799, -0.2104, 1.67775, 0.0723363, 0.191743, 0.175953, -2.92407, 0.511241, -0, 0.111437, 1.24633, -0.286413, 0, 0.0557185
-0.201251, -0.210058, 1.43807, -0.203324, 0.0958713, 0.162268, -2.39678, 0.622678, -0, 0.0928641, 1.24633, -0.26784, 0, 0.0928641
-0.202629, -0.209874, 1.39013, -0.0430108, -0, 0.148583, -2.34885, 0.629521, -0, 0.0928641, 1.53394, -0.115347, -0.0958713, 0.0606061
-0.205957, -0.209934, 1.53394, 0.218964, 0.0958713, 0.162268, -3.06788, 0.119257, 0.0958713, 0.125122, 2.34885, 0.391007, -0.143807, 0.0537634
-0.208366, -0.209375, 1.58188, 0.411535, -0, 0.13001, -3.06788, -0.307918, 0.0958713, 0.125122, 1.05458, 0.187683, -0.143807, 0.0537634
-0.209926, -0.208832, 0.527292, 0.27957, -0, 0.13001, -1.19839, -0.152493, -0, 0.0928641, -0.191743, -0.00879765, -0.143807, 0.0351906
-0.209682, -0.208506, 0, 0.185728, -0, 0.13001, -0.0958713, 0.0420332, -0, 0.111437, 0.239678, 0.182796, -0.0958713, 0.0420332
-0.208961, -0.208864, 0, 0.148583, 0.143807, 0.187683, 0.191743, 0.138807, -0, 0.0742913, -0.33555, -0.0664712, 0, 0.278592
-0.208689, -0.208182, 0, 0.148583, 0.143807, 0.744868, 0.143807, 0.150538, 0.191743, -0.752688, -0, 0.13001, -0.671099, 0.14565
-0.209522, -0.206161, 0, 0.13001, -0.287614, 0.958944, 0, 0.13001, 0.910777, -0.86999, 0.191743, 0.120235, -1.3422, 0.235582
-0.209997, -0.202579, 0, 0.13001, -1.3422, 0.662757, 0, 0.13001, 2.44472, -0.635386, -0, 0.0742913, -1.58188, -0.0400782
-0.211013, -0.196309, 0, 0.13001, -2.63646, -0.172043, -0.143807, 0.0537634, 4.60182, 0.879765, -0.287614, -0.00391007, -0.719035, 0.0645161
-0.211144, -0.19615, 0, 0.0928641, -2.10917, -0.152493, -0.0958713, 0.0606061, 3.93072, 0.913979, -0.33555, -0.0293255, -0.479356, 0.154448
-0.211392, -0.197473, 0, 0.111437, -0.623163, 0.911046, 0, 0.111437, 1.43807, -0.794721, -0, 0.0371457, -0.33555, 0.397849
-0.211658, -0.193277, 0.0958713, 0.0879765, -1.29426, 0.558162, 0.0958713, 0.125122, 1.82155, -0.148583, 0.143807, 0.131965, -1.58188, -0.430108
-0.211666, -0.190504, 0, 0.0742913, -2.25298, 0.0684262, 0, 0.111437, 3.06788, 0.493646, -0, 0.0742913, -1.29426, -0.389052
-0.211798, -0.188202, 0.143807, 0.131965, -2.6844, -0.587488, 0, 0.0928641, 3.30756, 1, -0.239678, 0.0215054, 0.191743, -0.269795
-0.211754, -0.189781, 0.191743, 0.138807, -1.10252, -0.454545, 0, 0.0742913, 0.719035, 1, -0.287614, -0.00391007, 1.15046, -0.188661
-0.211146, -0.193828, 0, 0.0928641, 1.43807, 0.335288, 0, 0.0928641, -2.78027, -0.0439883, -0.0958713, 0.0606061, 1.15046, 0.127077
-0.210772, -0.194767, 0.0958713, 0.106549, 1.43807, 0.40958, 0.0958713, 0.125122, -2.87614, -0.261975, -0, 0.0557185, 0.958713, 0.0997067
-0.210563, -0.195167, 0.143807, 0.131965, 0.575228, -0.475073, 0, 0.0928641, -1.62981, 0.767351, -0.143807, 0.0166178, 0.143807, -0.778104
-0.210513, -0.198139, 0.0958713, 0.125122, 0.910777, -0.352884, 0, 0.0557185, -1.96536, 0.55523, -0.143807, 0.0537634, 1.91743, 0.217986
-0.210156, -0.203081, 0.191743, 0.175953, 2.6844, 0.308895, 0.0958713, 0.106549, -3.45137, 0.507331, -0.143807, 0.0537634, 1.24633, -0.360704
-0.208886, -0.208249, 0, 0.13001, 1.86949, 0.601173, 0, 0.0742913, -2.54059, -0.00977517, -0.191743, 0.00977517, 1.58188, 0.337243
-0.208352, -0.209066, 0, 0.0742913, 1.19839, 0.542522, 0, 0.0742913, -2.06123, -0.0713587, -0.143807, 0.0537634, 1.43807, 0.316716
-0.208478, -0.208662, 0, 0.13001, -0.191743, 0.214076, 0, -0.0371457, -0.287614, 0.1261, -0.239678, 0.0400782, -0.191743, 0.0469208
-0.208362, -0.20791, 0.143807, 0.280547, -0.143807, 0.1652, 0.239678, 0.0899316, -0, 0.185728, -0.239678, 0.11437, -0.287614, -0.00391007
-0.207504, -0.208989, -0.0958713, 0.951124, 0.0958713, 0.199413, 0.479356, -0.896383, -0, 0.204301, -0.814906, 0.478006, 0, 0.0742913
-0.198239, -0.21098, -2.54059, 0.602151, -0, 0.148583, 4.36214, -0.342131, -0, 0.167155, -1.91743, -0.0136852, -0.191743, 0.00977517
-0.195123, -0.211231, -3.54724, 0.0322581, -0, 0.148583, 5.32086, 0.0537634, -0, 0.167155, -1.19839, 0.0146628, -0.0958713, 0.0234604
-0.190437, -0.211318, -2.6844, -0.216031, 0.143807, 0.206256, 4.26627, 0.608993, -0, 0.167155, -0.527292, -0.056696, 0, 0.0928641
-0.189443, -0.211435, -0.239678, 0.225806, 0.0958713, 0.162268, 1.05458, 0.410557, -0, 0.148583, -0.191743, -0.101662, -0.143807, 0.0351906
-0.189191, -0.211327, 0, 0.185728, -0, 0.0928641, 0.0958713, 0.255132, -0, 0.111437, 0.143807, 0.00195503, -0.191743, 0.028348
-0.188624, -0.211015, 0, -0.241447, -0, 0.111437, -0.0958713, 0.209189, -0, 0.111437, 0.191743, 0.0273705, -0.287614, -0.0224829
-0.188752, -0.210451, 0.383485, -0.558162, 0.0958713, 0.106549, -0.33555, 0.916911, -0, 0.13001, -0, -0.964809, 0, 0.0928641
-0.193035, -0.210211, 1.82155, -0.0185728, 0.239678, 0.182796, -2.30091, 0.636364, -0, 0.13001, 2.25298, -0.142717, 0, 0.0557185
-0.198392, -0.209953, 2.44472, 0.627566, 0.143807, 0.187683, -3.88279, 0.410557, -0, 0.13001, 2.92407, 0.138807, -0.143807, 0.0351906
-0.202931, -0.210222, 0.814906, 0.506354, -0, 0.167155, -3.30756, 0.492669, -0, 0.0928641, 1.19839, 0.171065, -0.143807, 0.0537634
-0.208146, -0.209449, -0.191743, -0.343109, -0, 0.148583, -3.4993, -0.350929, -0, 0.0742913, 0.33555, -0.00782014, -0.191743, 0.028348
-0.210617, -0.208733, 0.143807, -0.239492, 0.143807, 0.16911, -2.49265, -0.671554, 0.143807, 0.150538, -0.239678, -0.14565, -0.143807, 0.0351906
-0.210346, -0.20844, 0.431421, -0.124145, 0.143807, 0.187683, -1.00665, -0.385142, 0.143807, 0.150538, -0, -0, -0.0958713, 0.0606061
-0.210111, -0.208421, 0.479356, -0.117302, 0.239678, 0.517107, 0, -0.167155, -0, -0.352884, 0.431421, 0.135875, -0.0958713, 0.264907
-0.209264, -0.207279, 0.527292, 0.0195503, 0.0958713, 0.775171, 0.719035, 0.121212, 0.623163, -0.59824, -0, -0, -0.575228, 0.252199
-0.209064, -0.20393, 1.00665, 0.31085, -0.862842, 0.341153, 1.10252, 0.454545, 1.91743, 0.106549, -0.191743, 0.00977517, -1.48601, -0.249267
-0.210175, -0.201656, 0.814906, 0.469208, -1.24633, 0.822092, 0.479356, 0.384164, 1.77362, -0.746823, -0, 0.111437, -0.383485, 0.613881
-0.210425, -0.198257, 0.191743, 0.361681, -1.72568, 0.753666, -0.0958713, 0.264907, 2.54059, -0.637341, -0.383485, 0.0195503, -1.82155, 0.0185728
-0.210557, -0.195291, -0.143807, 0.258065, -2.73233, 0.297165, -0.239678, 0.170088, 3.88279, -0.193548, -0.239678, 0.0215054, -2.10917, -0.13392
-0.21123, -0.191086, -0.239678, 0.170088, -2.97201, 0.0772239, -0.383485, 0.0938416, 5.08118, 0.576735, -0.239678, 0.0400782, -1.82155, -0.278592
-0.211618, -0.188181, -0.191743, 0.158358, -2.54059, -0.158358, -0.287614, 0.0889541, 4.45801, 1, -0.239678, 0.0215054, -0.479356, -0.086999
-0.211591, -0.187954, 0, 0.204301, -1.00665, 0.0977517, 0, 0.167155, 2.10917, 0.765396, -0.239678, -0.0342131, 0.191743, 0.00879765
-0.21146, -0.188594, 0, 0.167155, 0.191743, 0.138807, 0, 0.13001, -0.383485, 0.576735, -0.0958713, 0.0234604, 0.143807, -0.146628
-0.211074, -0.189447, 0, 0.148583, 0.239678, -0.262952, 0, 0.13001, -0.814906, 0.883675, -0, 0.0742913, 0.239678, -0.634409
-0.210599, -0.192316, 0, 0.148583, 0.623163, -0.375367, 0, 0.148583, -2.06123, 0.705767, -0.191743, 0.028348, 1.3422, -0.365591
-0.210401, -0.197564, 0, 0.13001, 1.82155, 0.0742913, 0, 0.148583, -4.21834, 0.397849, -0.191743, 0.00977517, 2.49265, 0.151515
-0.210479, -0.199908, 0, 0.111437, 1.82155, -0.167155, 0, 0.13001, -4.21834, 0.397849, -0.0958713, 0.0234604, 1.67775, -0.243402
-0.21063, -0.201784, 0, 0.111437, 1.72568, -0.0136852, -0.0958713, 0.0977517, -4.07453, 0.347019, -0.0958713, 0.00488759, 1.39013, -0.191593
-0.210503, -0.205507, 0, 0.0742913, 1.53394, 0.107527, 0, 0.0928641, -3.88279, -0.127077, -0.191743, -0.00879765, 1.19839, -0.0332356
-0.21018, -0.208569, 0.0958713, 0.0879765, 1.05458, 0.224829, 0, 0.0928641, -2.39678, -0.304985, -0, 0.0742913, 1.00665, 0.162268
-0.209679, -0.209068, 0.239678, 0.164223, 0.671099, 0.188661, 0, 0.0928641, -1.15046, -0.14565, 0.143807, 0.131965, 0.527292, 0.130987
-0.209328, -0.209332, 0.287614, 0.171065, 0.479356, 0.198436, 0.0958713, 0.125122, -0.239678, 0.0215054, 0.0958713, 0.143695, 0.239678, 0.127077
-0.209119, -0.209239, 0.239678, 0.182796, 0.383485, 0.221896, 0.0958713, 0.125122, 0.239678, 0.14565, -0.239678, 0.058651, 0.143807, 0.150538
-0.208958, -0.209094, 0.0958713, 0.199413, 0.383485, 0.259042, 0, 0, 0.33555, 0.196481, -0.383485, 0.0195503, 0, 0.111437
-0.20833, -0.208385, 0, 0.241447, 0.33555, 0.270772, 0.143807, 0.0762463, 0.239678, 0.238514, -0.287614, 0.0146628, -0.33555, 0.00782014
-0.207287, -0.20885, -0.383485, 0.910068, 0.0958713, 0.217986, 0.287614, -0.923754, -0, 0.204301, -0.527292, 0.630499, -0.143807, 0.0537634
-0.206077, -0.209278, -0.671099, 0.869013, -0, 0.204301, 0.76697, -0.855327, -0, 0.204301, -1.15046, 0.262952, -0.0958713, 0.0420332
-0.20144, -0.209817, -1.77362, 0.638319, -0, 0.185728, 2.73233, -0.57478, -0, 0.167155, -2.1571, -0.140762, -0.143807, 0.0166178
-0.195229, -0.210415, -3.01995, -0.338221, 0.0958713, 0.199413, 4.98531, 0.637341, -0, 0.167155, -0.862842, 0.155425, 0, 0.0742913
-0.194437, -0.21069, -2.78027, -0.445748, -0, 0.185728, 4.55389, 0.85435, -0, 0.167155, -0.431421, 0.254154, 0, 0.0557185
-0.195162, -0.211242, -0.958713, 0.754643, 0.0958713, 0.199413, 2.06123, -0.57869, -0, 0.185728, -1.10252, -0.175953, -0.0958713, 0.0606061
-0.194418, -0.211357, -0.0958713, 0.822092, -0, 0.167155, 1.00665, -0.450635, -0, 0.167155, -1.24633, -0.437928, -0.143807, 0.0537634
-0.191445, -0.211443, -0.383485, 0.428153, -0, 0.111437, 1.72568, 0.469208, -0, 0.148583, -0.575228, -0.379277, -0.143807, 0.0537634
-0.189784, -0.211636, -1.19839, 0.0889541, -0, 0.13001, 2.30091, 0.774194, -0.143807, 0.0909091, 0.527292, 0.0381232, -0.239678, -0.0156403
-0.190085, -0.211529, -1.29426, -0.389052, -0, 0.0928641, 1.53394, 1, -0.0958713, 0.0791789, 1.10252, -0.269795, -0.575228, -0.174976
-0.192916, -0.211253, 0.479356, -0.382209, 0.143807, 0.131965, -1.91743, 0.691105, 0.0958713, 0.143695, 0.910777, -0.427175, 0.287614, 0.208211
-0.194774, -0.210688, 1.24633, -0.0635386, 0.191743, 0.15738, -2.78027, 0.567937, 0.143807, 0.16911, 1.15046, -0.300098, 0.527292, 0.223851
-0.197709, -0.210312, 1.67775, 0.0166178, 0.239678, 0.201369, -3.69104, 0.437928, 0.0958713, 0.162268, 1.67775, -0.0762463, 0.0958713, 0.0879765
-0.200243, -0.210093, 1.82155, -0.185728, 0.239678, 0.201369, -3.93072, 0.403715, -0, 0.13001, 1.91743, -0.134897, -0.383485, 0.0195503
-0.202896, -0.209954, 1.77362, -0.0439883, 0.0958713, 0.180841, -3.88279, 0.410557, -0, 0.111437, 1.86949, -0.0860215, -0.383485, 0.000977517
-0.206461, -0.209642, 1.91743, 0.273705, -0, 0.148583, -3.93072, -0.152493, -0, 0.111437, 1.48601, 0.119257, -0.191743, 0.028348
-0.208986, -0.209207, 1.24633, 0.326491, -0, 0.148583, -2.58853, -0.388074, -0, 0.0928641, 0.76697, 0.0909091, 0, 0.0742913
-0.209597, -0.209, 0.719035, 0.251222, -0, 0.148583, -1.48601, -0.230694, -0, 0.0928641, 0.239678, -0.00293255, -0.0958713, 0.0420332
-0.209682, -0.208232, 0.143807, 0.16911, -0, 0.111437, 0, 0.0185728, -0, 0.111437, -0.143807, 0.0723363, -0.143807, 0.0351906
-0.20912, -0.208273, 0.0958713, 0.180841, 0.0958713, 0.162268, 0.383485, 0.184751, -0, 0.111437, 0.143807, 0.0762463, -0.0958713, 0.0234604
-0.208475, -0.208716, 0.0958713, 0.199413, 0.191743, 0.473118, 0.33555, 0.196481, -0, -0.371457, -0.143807, 0.0723363, 0, 0.278592
-0.209413, -0.206975, 0, 0.0928641, -0.191743, 0.604106, 0, 0.13001, 0.958713, -0.364614, -0.191743, 0.028348, -0.910777, 0
-0.210653, -0.203371, 0, 0.0742913, -0.671099, 0.312805, -0.0958713, 0.0977517, 1.91743, 0.273705, -0.143807, 0.0537634, -0.671099, -0.0215054
-0.211551, -0.202536, 0.143807, 0.131965, -0.479356, 0.931574, 0, 0.0928641, 1.24633, -0.822092, -0.191743, 0.00977517, 0, 0.964809
-0.211317, -0.201263, 0, 0.111437, -0.910777, 0.86999, 0.143807, 0.150538, 1.62981, -0.767351, -0.143807, 0.0351906, -1.62981, 0.231672
-0.211297, -0.194725, 0, 0.0928641, -2.8282, 0.320626, 0.0958713, 0.143695, 4.41008, 0.202346, -0, 0.0742913, -2.78027, -0.434018
-0.211403, -0.19199, 0, 0.0928641, -3.30756, -0.0821114, 0, 0.111437, 5.12911, 0.769306, -0.0958713, 0.0420332, -2.06123, -0.312805
-0.211594, -0.1896, 0.143807, 0.131965, -2.8282, -0.0508309, 0, 0.0928641, 3.93072, 0.765396, -0.0958713, 0.0420332, -0.191743, -0.15738
-0.211613, -0.18911, 0.191743, 0.138807, -1.48601, 0.103617, 0, 0.111437, 1.77362, 1, -0.143807, 0.0537634, 0.287614, -0.441838
-0.211141, -0.191065, 0, 0.0928641, -0, -0.352884, 0.0958713, 0.106549, -1.05458, 0.849462, -0.143807, 0.0351906, 1.19839, -0.330401
-0.210779, -0.192845, 0, 0.0742913, 0.431421, -0.477028, 0, 0.0928641, -2.0133, 0.71261, -0.191743, 0.00977517, 1.67775, -0.29912
-0.210614, -0.1957, 0, 0.0928641, 1.10252, -0.102639, 0, 0.0928641, -2.97201, 0.575758, -0.0958713, 0.0234604, 1.72568, -0.0508309
-0.210533, -0.198553, 0.0958713, 0.125122, 1.86949, 0.0811339, 0, 0.0928641, -3.93072, 0.311828, -0.0958713, 0.0420332, 1.82155, -0.0371457
-0.210651, -0.202381, 0.0958713, 0.125122, 1.58188, -0.0713587, 0, 0.0742913, -3.4993, 0.373412, -0.0958713, 0.0606061, 1.29426, -0.186706
-0.210676, -0.203979, 0.0958713, 0.143695, 1.24633, -0.0821114, 0, 0.0371457, -2.6844, 0.359726, -0.191743, 0.028348, 1.29426, -0.0752688
-0.210282, -0.206493, 0.0958713, 0.125122, 1.24633, 0.103617, 0, 0.0557185, -2.58853, 0.0205279, -0.143807, 0.0351906, 1.77362, 0.290323
-0.209495, -0.209206, 0.143807, 0.16911, 1.19839, 0.375367, 0.143807, 0.0948192, -1.82155, -0.222874, -0.143807, 0.0166178, 0.239678, -0.058651
-0.209077, -0.209455, 0.143807, 0.131965, 0.671099, 0.262952, 0.143807, 0.113392, -0.719035, -0.0654936, -0.0958713, 0.0791789, 0, 0.0928641
-0.20892, -0.209337, 0.0958713, 0.125122, 0.431421, 0.247312, 0.0958713, 0.106549, -0.143807, 0.0537634, -0.0958713, 0.0606061, 0.239678, 0.201369
-0.208663, -0.209095, 0, 0.167155, 0.191743, 0.213099, 0, -0.0557185, 0.33555, 0.177908, -0.143807, 0.0909091, 0.239678, 0.14565
-0.208528, -0.208311, 0, 0.390029, 0.191743, 0.194526, 0, -0.408602, 0.383485, 0.240469, -0.287614, 0.181818, -0.191743, 0.0469208
-0.206636, -0.20863, -0.143807, 0.592375, 0.143807, 0.206256, 0.910777, -0.482893, 0.143807, 0.224829, -0.719035, 0.361681, -0.33555, 0.00782014
-0.203652, -0.209475, -0.623163, 0.338221, 0.0958713, 0.199413, 2.06123, 0.201369, -0, 0.185728, -1.48601, -0.100684, -0.143807, 0.0351906
-0.202292, -0.210004, -0.814906, 0.199413, -0, 0.185728, 2.20504, 0.481916, -0, 0.15347, -1.00665, 0.00488759, -0.143807, -0.00195503
-0.202689, -0.210432, -0.287614, 0.274682, -0, 0.167155, 0.623163, 0.274682, -0, 0.167155, -0.191743, 0.00977517, 0, 0.0928641
-0.204352, -0.210844, 0, 0.964809, -0, 0.167155, -0.143807, -0.985337, -0, 0.167155, -0.143807, 0.722385, -0.0958713, 0.0234604
-0.200099, -0.211541, -1.15046, 0.800587, -0, 0.13001, 1.91743, -0.691105, -0, 0.148583, -1.72568, -0.172043, -0.0958713, 0.0606061
-0.195663, -0.211696, -2.39678, 0.622678, -0, 0.13001, 4.07453, -0.217009, -0.0958713, 0.0977517, -2.0133, -0.510264, 0, 0.0742913
-0.19187, -0.211634, -3.40343, -0.132942, -0, 0.0742913, 5.17705, 1, -0.0958713, 0.0791789, -1.24633, -0.679374, -0.143807, 0.0537634
-0.19017, -0.211468, -3.11582, -0.667644, 0.143807, 0.150538, 3.69104, 1, -0, 0.111437, 1.10252, -0.139785, -0.287614, -0.0224829
-0.192759, -0.211036, 0, 0.0371457, 0.287614, 0.189638, -1.29426, 0.27957, 0.0958713, 0.162268, 1.67775, 0.220919, 0, 0.111437
-0.194462, -0.210292, 0.76697, -0.503421, 0.143807, 0.206256, -1.96536, 0.684262, -0, 0.148583, 0.33555, -0.695015, 0, 0.0557185
-0.196229, -0.210146, 0.575228, -0.827957, 0.0958713, 0.217986, -1.67775, 0.725318, -0, 0.13001, 0.431421, -0.903226, -0.191743, 0.00977517
-0.198475, -0.209877, 0.910777, -0.575758, -0, 0.185728, -2.25298, 0.643206, -0, 0.148583, 1.29426, -0.391007, -0.239678, -0.0342131
-0.202624, -0.209925, 2.49265, 0.281525, -0, 0.148583, -3.97866, 0.286413, -0, 0.111437, 3.01995, 0.486804, -0.0958713, 0.0606061
-0.204937, -0.209905, 2.97201, 0.628543, -0, 0.167155, -4.50595, -0.197458, 0.0958713, 0.143695, 2.78027, 0.471163, 0, 0.0928641
-0.207489, -0.209785, 2.30091, 0.477028, -0, 0.148583, -3.59517, -0.178886, -0, 0.111437, 0.76697, -0.00195503, 0, 0.0928641
-0.209055, -0.208971, 0.431421, 0.247312, -0.0958713, 0.0791789, -0.814906, 0.125122, -0, 0.0928641, 0.287614, 0.171065, -0.33555, -0.0293255
-0.209351, -0.20843, 0.143807, 0.206256, -0, 0.0928641, -0.383485, 0.130987, -0, 0.111437, 0.191743, 0.0459433, -0.431421, -0.0987292
-0.209412, -0.208442, 0, 0.185728, -0, 0.111437, -0.383485, 0.0938416, -0, 0.111437, -0.0958713, -0.0322581, -0.33555, -0.0664712
-0.208945, -0.208714, 0, 0.13001, 0.239678, 0.554252, -0.239678, 0.0957967, -0, -0.520039, -0.431421, -0.0615836, 0.191743, 0.435973
-0.209136, -0.206782, 0, 0.111437, -0.143807, 0.722385, 0, 0.148583, 1.10252, -0.529814, 0.33555, 0.184751, -0.814906, 0.0879765
-0.209526, -0.203012, 0, 0.111437, -0.814906, 0.883675, 0, 0.148583, 2.58853, -0.630499, -0, 0.0185728, -1.67775, 0.131965
-0.210981, -0.196766, 0.191743, 0.194526, -2.06123, 0.504399, 0, 0.148583, 3.83485, 0.138807, -0.191743, 0.0469208, -0.910777, 0.185728
-0.211445, -0.194259, 0, 0.148583, -1.86949, 0.587488, 0, 0.13001, 2.87614, -0.1652, -0.143807, 0.0537634, -1.10252, -0.101662
-0.211273, -0.193743, 0, 0.13001, -1.77362, 0.489736, 0.0958713, 0.162268, 2.10917, -0.218964, -0, 0.0742913, -1.00665, 0.0791789
-0.211283, -0.19158, 0, 0.0928641, -1.82155, 0.334311, 0, 0.13001, 2.06123, 0.0713587, -0, 0.0742913, -0.814906, -0.0420332
-0.211442, -0.189666, 0, 0.0742913, -2.0133, -0.0273705, 0, 0.111437, 2.25298, 0.525904, -0.191743, 0.0469208, -0.431421, -0.0244379
-0.211544, -0.188817, 0.0958713, 0.0879765, -1.72568, -0.227761, 0, 0.111437, 1.77362, 0.810362, -0.191743, 0.028348, -0.191743, -0.213099
-0.211477, -0.190056, 0.143807, 0.113392, -0, 0.111437, 0, 0.0928641, -0.623163, 0.911046, -0.191743, 0.028348, 0.33555, 0.0293255
-0.211167, -0.191043, 0.0958713, 0.106549, 0.383485, 0.221896, 0, 0.0928641, -1.29426, 0.706745, -0.143807, 0.0166178, 0.527292, 0.0938416
-0.210709, -0.193292, 0.0958713, 0.106549, 0.575228, -0.530792, 0, 0.0928641, -2.10917, 0.698925, -0, 0.0742913, 0.287614, -0.869013
-0.210406, -0.197944, 0.143807, 0.131965, 1.29426, -0.260997, 0, 0.111437, -3.45137, 0.398827, -0.0958713, 0.0420332, 1.62981, -0.268817
-0.21053, -0.200208, 0.143807, 0.131965, 1.82155, -0.148583, 0, 0.0928641, -3.97866, 0.249267, -0.143807, 0.0351906, 2.6844, 0.0674487
-0.21072, -0.203137, 0.191743, 0.175953, 2.30091, 0.105572, 0, 0.0742913, -4.1704, 0.0361681, -0.0958713, 0.0420332, 2.97201, 0.201369
-0.210616, -0.205422, 0.239678, 0.201369, 2.25298, 0.228739, 0, 0.0742913, -3.3555, 0.0224829, -0.143807, 0.0351906, 1.86949, 0.11828
-0.21043, -0.208147, 0, 0.13001, 1.48601, 0.360704, 0, 0.0557185, -1.77362, -0.0488759, -0.0958713, 0.0791789, 0.76697, 0.128055
-0.210015, -0.208712, 0, 0.13001, 1.10252, 0.361681, 0, 0.0557185, -1.15046, 0.00293255, -0.143807, 0.0351906, 0.383485, 0.0361681
-0.209557, -0.20919, 0, 0.0928641, 0.479356, 0.2913, 0, 0.0742913, -0.431421, 0.086999, -0.143807, 0.0537634, 0, 0.0185728
-0.209376, -0.209108, 0, 0.0742913, 0.239678, 0.257087, 0, 0.0742913, -0, 0.167155, -0.143807, 0.0537634, 0.191743, 0.15738
-0.208965, -0.208761, 0.143807, 0.42913, -0, 0.167155, 0, -0.445748, -0, 0.167155, -0.191743, 0.214076, -0.0958713, 0.0420332
-0.207249, -0.2085, 0, 0.352884, -0, 0.148583, 0.76697, -0.0391007, -0, 0.167155, -0.623163, -0.0518084, -0.239678, 0.0215054
-0.205485, -0.20902, -0.33555, 0.230694, -0, 0.148583, 1.48601, 0.360704, -0, 0.148583, -0.671099, 0.0713587, -0.143807, 0.0351906
-0.204678, -0.209802, 0, 0.964809, 0.0958713, 0.199413, 0.575228, -0.882698, -0, 0.185728, -0.958713, 0.290323, -0.143807, 0.0166178
-0.203473, -0.209977, -0.191743, 0.937439, 0.0958713, 0.180841, 0.862842, -0.841642, -0, 0.148583, -2.06123, 0.0400782, -0.0958713, 0.0420332
-0.197462, -0.210566, -2.58853, 0.595308, -0, 0.111437, 4.1704, -0.369501, -0, 0.148583, -1.62981, -0.214076, -0.0958713, 0.0420332
-0.189694, -0.211567, -3.78692, -0.131965, 0.143807, 0.187683, 5.5126, 0.916911, -0, 0.148583, 0.143807, 0.0762463, -0.0958713, 0.0420332
-0.187872, -0.211786, -3.21169, -0.365591, 0.287614, 0.245357, 4.31421, 1, -0, 0.111437, 0.33555, -0.00782014, -0.0958713, 0.0420332
-0.188243, -0.211705, -1.96536, -0.42913, 0.287614, 0.208211, 2.1571, 1, -0, 0.111437, 0.383485, -0.298143, 0, 0.0928641
-0.190044, -0.211574, -0.33555, -0.307918, 0.191743, 0.194526, -0.431421, 0.903226, -0, 0.111437, 0.479356, -0.340176, -0.143807, 0.0537634
-0.192389, -0.211315, 0.76697, -0.206256, -0, 0.148583, -2.20504, 0.650049, 0.0958713, 0.143695, 1.00665, -0.302053, -0.239678, 0.00293255
-0.195264, -0.210954, 1.39013, -0.117302, -0, 0.148583, -3.3555, 0.485826, -0, 0.13001, 1.67775, -0.187683, -0.191743, 0.00977517
-0.197787, -0.210546, 1.72568, 0.172043, -0, 0.148583, -3.93072, -0.00391007, -0, 0.13001, 1.86949, 0.11828, -0.191743, -0.00879765
-0.200223, -0.210308, 1.24633, -0.379277, -0, 0.0928641, -2.97201, 0.540567, -0, 0.111437, 0.910777, -0.575758, 0, 0.0928641
-0.201001, -0.210026, 1.00665, -0.339198, -0, 0.111437, -2.44472, 0.615836, -0, 0.111437, 0.671099, -0.517107, 0, 0.0928641
-0.204418, -0.20994, 1.10252, -0.139785, 0.143807, 0.16911, -2.44472, 0.393939, -0, 0.0928641, 1.72568, 0.172043, -0.143807, 0.0351906
-0.207289, -0.209771, 1.82155, 0.26002, 0.191743, 0.175953, -3.4993, -0.258065, -0, 0.111437, 1.91743, 0.217986, -0.191743, 0.0469208
-0.208885, -0.209187, 1.91743, 0.478006, 0.239678, 0.201369, -2.97201, -0.424242, 0.143807, 0.131965, 0.671099, 0.058651, -0.143807, 0.0537634
-0.209561, -0.20874, 0.431421, 0.247312, 0.0958713, 0.162268, -0.287614, 0.0146628, -0, 0.111437, 0.383485, 0.184751, -0.143807, 0.0537634
-0.209536, -0.208343, 0.143807, 0.206256, -0, 0.148583, 0.239678, 0.127077, -0, 0.111437, 0.287614, 0.152493, -0.143807, 0.0351906
-0.209305, -0.208434, 0, 0.204301, -0, 0.167155, 0.33555, 0.177908, -0, 0.111437, -0.239678, 0.00293255, -0.143807, 0.0351906
-0.209065, -0.208537, 0, 0.167155, -0, 0.427175, 0.191743, 0.15738, -0, -0.371457, -0.383485, 0.000977517, -0.143807, 0.239492
-0.208635, -0.207917, 0, 0.13001, -0, 0.390029, 0.0958713, 0.162268, 0.431421, -0.142717, -0.239678, 0.0215054, -0.479356, 0.0244379
-0.209304, -0.205851, 0, 0.111437, -0.239678, 0.965787, 0, 0.13001, 1.19839, -0.828934, -0.0958713, 0.0606061, -0.814906, 0.552297
-0.210593, -0.199745, 0, 0.13001, -1.53394, 0.781036, 0, 0.0928641, 3.11582, -0.55523, -0.143807, 0.0351906, -1.43807, 0.296188
-0.211091, -0.193373, 0, 0.0928641, -3.11582, 0.298143, 0, 0.0928641, 5.46466, 0.408602, -0.143807, 0.0166178, -2.30091, -0.179863
-0.211556, -0.190311, 0, 0.111437, -3.16375, -0.0430108, 0, 0.0928641, 4.8415, 0.746823, -0.143807, 0.0166178, -1.15046, -0.0899316
-0.211624, -0.189165, 0.0958713, 0.106549, -2.39678, 0.0664712, 0, 0.0928641, 3.45137, 0.641251, -0, 0.0742913, -0.958713, -0.155425
-0.211759, -0.188611, 0.191743, 0.120235, -1.3422, 0.105572, 0.0958713, 0.125122, 1.67775, 0.592375, -0, 0.0742913, -0.287614, -0.171065
-0.211796, -0.189143, 0.143807, 0.131965, -0.33555, 0.100684, 0, 0.0928641, -0.143807, 0.480938, -0.143807, 0.0351906, 0.287614, -0.144673
-0.211676, -0.189709, 0, 0.0928641, -0, -0.222874, 0, 0.0742913, -0.623163, 0.282502, -0.143807, 0.0537634, 0.479356, -0.0244379
-0.211537, -0.190203, 0, 0.0928641, 0.239678, -0.11437, 0, 0.0742913, -0.76697, 0.16911, -0.143807, 0.0351906, 0.527292, 0.0381232
-0.211319, -0.190742, 0, 0.0742913, 0.623163, -0.319648, 0, 0.0742913, -0.958713, -0.00684262, -0.0958713, 0.0606061, 0.287614, -0.0146628
-0.211007, -0.190889, 0, 0.0742913, 0.958713, -0.216031, 0, 0.0742913, -0.76697, -0.0351906, -0.191743, 0.00977517, 0, -0.111437
-0.21083, -0.191064, 0.143807, 0.113392, 1.24633, -0.453568, 0, 0.0742913, -0.479356, 0.931574, -0.0958713, 0.0606061, 0, -0.964809
-0.210761, -0.192532, 0.143807, 0.131965, 1.86949, -0.0117302, 0, 0.0557185, -0.910777, 0.86999, -0.143807, 0.0351906, 1.00665, -0.821114
-0.210644, -0.194225, 0.191743, 0.15738, 2.25298, 0.321603, 0, 0.0742913, -1.62981, 0.767351, -0.191743, 0.00977517, 2.54059, -0.324536
-0.210558, -0.196883, 0.191743, 0.15738, 2.34885, 0.298143, 0, 0.0557185, -3.11582, 0.55523, -0.143807, 0.0351906, 4.26627, 0.553275
-0.210293, -0.198717, 0.0958713, 0.143695, 2.10917, 0.431085, 0, 0.0742913, -3.45137, 0.507331, -0.143807, 0.0351906, 3.88279, 0.591398
-0.209848, -0.202902, 0, 0.13001, 1.39013, 0.495601, 0, 0.0742913, -3.4993, 0.500489, -0.0958713, 0.0606061, 1.39013, 0.309873
-0.208882, -0.208746, 0, 0.111437, 0.431421, 0.358749, 0, 0.0742913, -3.73898, -0.255132, -0.0958713, 0.0606061, -0.191743, 0.0840665
-0.208399, -0.210336, 0, 0.111437, -0.191743, 0.176931, 0, 0.0742913, -2.20504, -0.481916, -0.0958713, 0.0420332, -0.671099, -0.207234
-0.208363, -0.208801, 0.143807, 0.447703, -0.383485, 0.0195503, 0, -0.408602, -0.287614, -0.152493, -0.0958713, 0.246334, 0.0958713, 0.0136852
-0.207711, -0.208333, 0.191743, 0.99218, -0.191743, 0.00977517, 0.575228, -0.882698, 0.623163, 0.163245, -0.239678, 0.57869, 0.191743, 0.0645161
-0.205284, -0.208615, -0.383485, 0.910068, -0, 0.0371457, 1.82155, -0.70479, 1.10252, 0.380254, -1.10252, 0.362659, 0.143807, 0.0948192
-0.202145, -0.209137, -1.10252, 0.789834, 0.239678, 0.14565, 3.21169, -0.340176, 0.862842, 0.327468, -2.0133, -0.120235, 0.33555, 0.233627
-0.197317, -0.210328, -2.63646, 0.552297, 0.623163, 0.330401, 4.64976, -0.190616, 0.143807, 0.206256, -1.72568, 0.199413, 0, 0.0557185
-0.193028, -0.21126, -2.6844, 0.192571, 0.33555, 0.307918, 3.88279, 0.182796, -0, 0.185728, -0.862842, 0.0811339, -0.383485, 0.000977517
-0.19223, -0.21144, -2.25298, 0.179863, -0, 0.222874, 3.16375, 0.173021, -0, 0.167155, -1.15046, -0.0156403, -0.143807, 0.0351906
-0.190984, -0.211342, -1.82155, 0.185728, -0, 0.185728, 2.49265, 0.262952, -0, 0.185728, -1.10252, -0.213099, -0.143807, 0.0537634
-0.189821, -0.21145, -1.29426, 0.130987, -0, 0.204301, 1.77362, 0.364614, -0, 0.167155, -0.623163, -0.181818, -0.143807, 0.0537634
-0.189301, -0.211458, -0.862842, 0.0997067, -0, 0.185728, 1.15046, 0.331378, -0, 0.185728, -0, -0.0185728, -0.191743, 0.00977517
-0.188812, -0.211336, -0.143807, 0.0723363, -0, 0.111437, 0, 0.148583, -0, 0.13001, 0.287614, 0.00391007, -0.0958713, 0.0606061
-0.188404, -0.210523, 0.383485, -0.223851, -0, 0.111437, -0.0958713, 0.116325, -0, 0.13001, 0.143807, -0.536657, -0.143807, 0.0537634
-0.188909, -0.209927, 1.43807, -0.259042, 0.143807, 0.16911, -0.671099, 0.869013, -0, 0.148583, 2.10917, -0.163245, -0.239678, -0.0156403
-0.191168, -0.209994, 2.06123, -0.0957967, -0, 0.13001, -1.53394, 0.745846, -0, 0.111437, 2.6844, 0.14174, -0.0958713, 0.0420332
-0.194281, -0.209961, 2.34885, 0.14956, -0, 0.111437, -2.44472, 0.615836, -0, 0.111437, 1.43807, -0.184751, 0, 0.0928641
-0.196573, -0.209979, 2.54059, 0.455523, -0, 0.13001, -3.21169, 0.506354, -0, 0.111437, 1.3422, 0.191593, -0.0958713, 0.0606061
-0.200086, -0.209595, 2.1571, 0.567937, 0.0958713, 0.143695, -3.3555, 0.485826, -0, 0.0928641, 1.05458, 0.224829, -0.191743, 0.028348
-0.20357, -0.209274, 1.24633, 0.512219, -0, 0.111437, -3.4993, 0.465298, -0, 0.0928641, 1.00665, 0.273705, -0.191743, 0.028348
-0.20821, -0.208868, 0.191743, 0.361681, 0.0958713, 0.143695, -3.59517, -0.123167, 0.0958713, 0.125122, -0.0958713, 0.0606061, -0.143807, -0.00195503
-0.209725, -0.208918, -0.33555, 0.156403, 0.239678, 0.238514, -2.87614, -0.652004, -0, 0.111437, -0.575228, -0.156403, 0, 0.0185728
-0.208514, -0.208525, -0.958713, -0.285435, 0.191743, 0.788856, -0.0958713, -0.0879765, -0, -0.835777, 0.143807, 0.00879765, 0, 0.482893
-0.209609, -0.20391, -0.383485, -0.152493, -0.671099, 0.904203, 0.671099, 0.151515, 1.86949, -0.733138, -0, -0.0371457, -1.43807, 0.221896
-0.210465, -0.197655, 1.10252, 0.354839, -2.25298, 0.644184, 0.287614, 0.226784, 4.12247, -0.395894, 0.0958713, 0.0508309, -1.43807, 0.351906
-0.211308, -0.192915, 0.33555, 0.326491, -2.58853, 0.243402, 0.383485, 0.296188, 4.21834, 0.119257, 0.33555, 0.177908, -1.91743, -0.0322581
-0.211226, -0.190114, 0.0958713, 0.255132, -1.91743, 0.00488759, 0, 0.241447, 2.6844, 0.383187, -0.33555, 0.026393, -1.15046, -0.127077
-0.211432, -0.189457, -0.0958713, 0.172043, -1.15046, -0.0899316, -0.143807, 0.1652, 1.72568, 0.747801, -0.239678, 0.0400782, -0.575228, -0.286413
-0.211534, -0.189752, -0.191743, 0.139785, -0.431421, -0.135875, -0.191743, 0.139785, 0.76697, 0.926686, -0.239678, 0.00293255, -0.143807, -0.336266
-0.211496, -0.190923, -0.0958713, 0.134897, 0.239678, -0.151515, -0.0958713, 0.15347, -0.431421, 0.938416, -0.287614, -0.0224829, 0.527292, -0.314761
-0.211407, -0.192666, 0, 0.148583, 0.910777, -0.111437, 0, 0.167155, -1.62981, 0.767351, -0.239678, -0.0342131, 1.19839, -0.218964
-0.210671, -0.194936, 0, 0.148583, 1.39013, -0.0615836, 0, 0.185728, -2.6844, 0.285435, -0, 0.0371457, 1.58188, -0.164223
-0.210009, -0.197833, 0, 0.13001, 1.43807, -0.203324, 0, 0.185728, -2.92407, 0.5826, -0, 0.0371457, 1.19839, -0.386119
-0.210081, -0.201898, 0, 0.148583, 1.39013, -0.0987292, 0, 0.148583, -2.78027, 0.603128, -0, 0.0371457, 1.72568, 0.0234604
-0.209839, -0.203703, 0, 0.148583, 1.72568, 0.172043, 0, 0.167155, -3.16375, 0.309873, -0, 0.0371457, 1.58188, -0.0156403
-0.209557, -0.206808, 0, 0.148583, 2.06123, 0.479961, 0, 0.13001, -3.54724, -0.190616, -0, 0.0371457, 1.10252, 0.083089
